Timestamp,User Count,Type,Name,Requests/s,Failures/s,50%,66%,75%,80%,90%,95%,98%,99%,99.9%,99.99%,100%,Total Request Count,Total Failure Count,Total Median Response Time,Total Average Response Time,Total Min Response Time,Total Max Response Time,Total Average Content Size
1788515713,0,,Aggregated,0.000000,0.000000,N/A,N/A,N/A,N/A,N/A,N/A,N/A,N/A,N/A,N/A,N/A,0,0,0,0.0,0,0,0
1788515714,5,GET,GET /api/v1/experiences,0.000000,0.000000,0,0,0,0,0,0,0,0,0,0,0,5,0,28,30.750540003646165,12.376800004858524,47.1916000242345,1147.0
1788515714,5,GET,GET /api/v1/experiences/[id]/sessions,0.000000,0.000000,0,0,0,0,0,0,0,0,0,0,0,4,0,29,29.381849977653474,16.285999969113618,37.68599999602884,761.0
1788515714,5,GET,GET /api/v1/reservations,0.000000,0.000000,0,0,0,0,0,0,0,0,0,0,0,1,0,20.805799984373152,20.805799984373152,20.805799984373152,20.805799984373152,621.0
1788515714,5,GET,GET /api/v1/shop/products,0.000000,0.000000,0,0,0,0,0,0,0,0,0,0,0,2,0,21,48.549799976171926,20.898499991744757,76.2010999605991,1623.0
1788515714,5,GET,GET /api/v1/ticketing/slots,0.000000,0.000000,0,0,0,0,0,0,0,0,0,0,0,5,0,50,48.049239988904446,22.54709997214377,72.85940001020208,949.0
1788515714,5,GET,GET /api/v1/ticketing/types,0.000000,0.000000,0,0,0,0,0,0,0,0,0,0,0,5,0,17,31.850440008565784,11.551300005521625,96.59670002292842,751.0
1788515714,5,POST,POST /api/v1/auth/login,0.000000,0.000000,0,0,0,0,0,0,0,0,0,0,0,5,0,350,276.91845998633653,81.79889997700229,367.7984999958426,1051.0
1788515714,5,POST,POST /api/v1/reservations,0.000000,0.000000,0,0,0,0,0,0,0,0,0,0,0,3,0,110,101.26966662937775,53.61179995816201,136.93639996927232,570.0
1788515714,5,POST,POST /api/v1/reservations/[id]/confirm,0.000000,0.000000,0,0,0,0,0,0,0,0,0,0,0,3,0,76,65.55633332269888,29.9832999589853,90.46849998412654,575.0
1788515714,5,POST,POST /api/v1/shop/cart/checkout,0.000000,0.000000,0,0,0,0,0,0,0,0,0,0,0,1,0,48.111400043126196,48.111400043126196,48.111400043126196,48.111400043126196,676.0
1788515714,5,POST,POST /api/v1/shop/cart/items,0.000000,0.000000,0,0,0,0,0,0,0,0,0,0,0,1,0,38.2687000092119,38.2687000092119,38.2687000092119,38.2687000092119,442.0
1788515714,5,POST,POST /api/v1/shop/orders/[id]/pay,0.000000,0.000000,0,0,0,0,0,0,0,0,0,0,0,1,0,33.45579997403547,33.45579997403547,33.45579997403547,33.45579997403547,691.0
1788515714,5,POST,POST /api/v1/ticketing/orders,0.000000,0.000000,0,0,0,0,0,0,0,0,0,0,0,5,0,210,210.0502800079994,51.60549998981878,361.1217000288889,376.0
1788515714,5,POST,POST /api/v1/ticketing/orders/[id]/pay,0.000000,0.000000,0,0,0,0,0,0,0,0,0,0,0,5,0,67,75.11173998937011,41.891500004567206,119.51119999866933,469.0
1788515714,5,,Aggregated,0.000000,0.000000,0,0,0,0,0,0,0,0,0,0,0,46,0,50,91.7260912968271,11.551300005521625,367.7984999958426,779.7826086956521
1788515715,5,GET,GET /api/v1/experiences,0.000000,0.000000,28,28,43,43,43,43,43,43,43,43,43,5,0,28,30.750540003646165,12.376800004858524,47.1916000242345,1147.0
1788515715,5,GET,GET /api/v1/experiences/[id]/sessions,0.000000,0.000000,38,38,60,60,60,60,60,60,60,60,60,5,0,34,35.52647997858003,16.285999969113618,60.104999982286245,761.0
1788515715,5,GET,GET /api/v1/reservations,0.000000,0.000000,21,21,21,21,21,21,21,21,21,21,21,1,0,20.805799984373152,20.805799984373152,20.805799984373152,20.805799984373152,621.0
1788515715,5,GET,GET /api/v1/shop/orders,0.000000,0.000000,0,0,0,0,0,0,0,0,0,0,0,2,0,46.463699953164905,116.20744995889254,46.463699953164905,185.95119996462017,737.0
1788515715,5,GET,GET /api/v1/shop/products,0.000000,0.000000,49,49,76,76,76,76,76,76,76,76,76,5,0,46,46.27237998647615,20.898499991744757,76.2010999605991,1623.0
1788515715,5,GET,GET /api/v1/ticketing/orders,0.000000,0.000000,0,0,0,0,0,0,0,0,0,0,0,1,0,62.502299959305674,62.502299959305674,62.502299959305674,62.502299959305674,515.0
1788515715,5,GET,GET /api/v1/ticketing/slots,0.000000,0.000000,50,50,50,73,73,73,73,73,73,73,73,5,0,50,48.049239988904446,22.54709997214377,72.85940001020208,949.0
1788515715,5,GET,GET /api/v1/ticketing/types,0.000000,0.000000,6,6,8,8,8,8,8,8,8,8,8,9,0,12,20.38965555968591,5.02849998883903,96.59670002292842,751.0
1788515715,5,POST,POST /api/v1/auth/login,0.000000,0.000000,350,360,360,370,370,370,370,370,370,370,370,5,0,350,276.91845998633653,81.79889997700229,367.7984999958426,1051.0
1788515715,5,POST,POST /api/v1/reservations,0.000000,0.000000,120,120,140,140,140,140,140,140,140,140,140,5,0,110,107.60805996833369,53.61179995816201,136.93639996927232,570.0
1788515715,5,POST,POST /api/v1/reservations/[id]/confirm,0.000000,0.000000,88,88,90,90,90,90,90,90,90,90,90,5,0,84,73.8551199901849,29.9832999589853,90.46849998412654,575.0
1788515715,5,POST,POST /api/v1/shop/cart/checkout,0.000000,0.000000,160,160,170,170,170,170,170,170,170,170,170,5,0,130,129.92868000874296,48.111400043126196,172.85039997659624,676.0
1788515715,5,POST,POST /api/v1/shop/cart/items,0.000000,0.000000,120,120,140,140,140,140,140,140,140,140,140,5,0,120,101.99420000426471,38.2687000092119,139.5259000128135,442.0
1788515715,5,POST,POST /api/v1/shop/orders/[id]/pay,0.000000,0.000000,91,91,110,110,110,110,110,110,110,110,110,5,0,69,68.82605999708176,33.45579997403547,107.7876000199467,691.0
1788515715,5,POST,POST /api/v1/ticketing/orders,0.000000,0.000000,360,360,360,360,360,360,360,360,360,360,360,5,0,210,210.0502800079994,51.60549998981878,361.1217000288889,376.0
1788515715,5,POST,POST /api/v1/ticketing/orders/[id]/pay,0.000000,0.000000,120,120,120,120,120,120,120,120,120,120,120,5,0,67,75.11173998937011,41.891500004567206,119.51119999866933,469.0
1788515715,5,,Aggregated,0.000000,0.000000,88,110,120,130,160,190,360,360,360,360,360,73,0,60,89.36556300614029,5.02849998883903,367.7984999958426,767.3835616438356
1788515716,5,GET,GET /api/v1/experiences,2.000000,0.000000,7,23,28,28,43,43,43,43,43,43,43,9,0,12,19.99919999959982,5.9213999775238335,47.1916000242345,1147.0
1788515716,5,GET,GET /api/v1/experiences/[id]/sessions,2.000000,0.000000,38,38,60,60,60,60,60,60,60,60,60,5,0,34,35.52647997858003,16.285999969113618,60.104999982286245,761.0
1788515716,5,GET,GET /api/v1/reservations,1.000000,0.000000,21,21,21,21,21,21,21,21,21,21,21,2,0,20,20.396949985297397,19.98809998622164,20.805799984373152,621.0
1788515716,5,GET,GET /api/v1/shop/orders,0.000000,0.000000,46,46,190,190,190,190,190,190,190,190,190,3,0,46,82.9881999719267,16.54969999799505,185.95119996462017,737.0
1788515716,5,GET,GET /api/v1/shop/products,1.000000,0.000000,46,49,49,76,76,76,76,76,76,76,76,6,0,39,40.79228332072186,13.391799991950393,76.2010999605991,1623.0
1788515716,5,GET,GET /api/v1/ticketing/orders,0.000000,0.000000,21,21,21,21,21,21,21,21,21,21,21,2,0,21.06539998203516,41.78384997067042,21.06539998203516,62.502299959305674,515.0
1788515716,5,GET,GET /api/v1/ticketing/slots,5.000000,0.000000,50,50,50,73,73,73,73,73,73,73,73,5,0,50,48.049239988904446,22.54709997214377,72.85940001020208,949.0
1788515716,5,GET,GET /api/v1/ticketing/types,5.000000,0.000000,5,6,6,8,8,8,8,8,8,8,8,10,0,8,18.750700005330145,4.000100016128272,96.59670002292842,751.0
1788515716,5,POST,POST /api/v1/auth/login,5.000000,0.000000,350,360,360,370,370,370,370,370,370,370,370,5,0,350,276.91845998633653,81.79889997700229,367.7984999958426,1051.0
1788515716,5,POST,POST /api/v1/reservations,1.000000,0.000000,120,120,140,140,140,140,140,140,140,140,140,5,0,110,107.60805996833369,53.61179995816201,136.93639996927232,570.0
1788515716,5,POST,POST /api/v1/reservations/[id]/confirm,1.000000,0.000000,88,88,90,90,90,90,90,90,90,90,90,5,0,84,73.8551199901849,29.9832999589853,90.46849998412654,575.0
1788515716,5,POST,POST /api/v1/shop/cart/checkout,1.000000,0.000000,160,160,170,170,170,170,170,170,170,170,170,5,0,130,129.92868000874296,48.111400043126196,172.85039997659624,676.0
1788515716,5,POST,POST /api/v1/shop/cart/items,1.000000,0.000000,120,120,140,140,140,140,140,140,140,140,140,5,0,120,101.99420000426471,38.2687000092119,139.5259000128135,442.0
1788515716,5,POST,POST /api/v1/shop/orders/[id]/pay,1.000000,0.000000,91,91,110,110,110,110,110,110,110,110,110,5,0,69,68.82605999708176,33.45579997403547,107.7876000199467,691.0
1788515716,5,POST,POST /api/v1/ticketing/orders,3.000000,0.000000,360,360,360,360,360,360,360,360,360,360,360,5,0,210,210.0502800079994,51.60549998981878,361.1217000288889,376.0
1788515716,5,POST,POST /api/v1/ticketing/orders/[id]/pay,3.000000,0.000000,120,120,120,120,120,120,120,120,120,120,120,5,0,67,75.11173998937011,41.891500004567206,119.51119999866933,469.0
1788515716,5,,Aggregated,32.000000,0.000000,69,97,120,120,160,190,360,360,360,360,360,82,0,50,80.79172316342365,4.000100016128272,367.7984999958426,790.9024390243902
1788515717,5,WS,/api/v1/guide/ws/crowd,0.000000,0.000000,0,0,0,0,0,0,0,0,0,0,0,1,0,9.29700001142919,9.29700001142919,9.29700001142919,9.29700001142919,1781.0
1788515717,5,GET,GET /api/v1/experiences,2.500000,0.000000,7,23,28,28,43,43,43,43,43,43,43,10,0,7,18.746029998874292,5.9213999775238335,47.1916000242345,1147.0
1788515717,5,GET,GET /api/v1/experiences/[id]/sessions,2.500000,0.000000,38,38,60,60,60,60,60,60,60,60,60,5,0,34,35.52647997858003,16.285999969113618,60.104999982286245,761.0
1788515717,5,GET,GET /api/v1/reservations,0.500000,0.000000,21,21,21,21,21,21,21,21,21,21,21,4,0,20,19.06032497936394,14.627999975346029,20.81939997151494,621.0
1788515717,5,GET,GET /api/v1/shop/orders,1.000000,0.000000,46,46,190,190,190,190,190,190,190,190,190,3,0,46,82.9881999719267,16.54969999799505,185.95119996462017,737.0
1788515717,5,GET,GET /api/v1/shop/products,2.500000,0.000000,39,46,49,49,76,76,76,76,76,76,76,8,0,21,33.92883748165332,11.950899963267148,76.2010999605991,1623.0
1788515717,5,GET,GET /api/v1/ticketing/orders,0.500000,0.000000,21,21,21,21,21,21,21,21,21,21,21,5,0,21,28.609759989194572,18.39540002401918,62.502299959305674,515.0
1788515717,5,GET,GET /api/v1/ticketing/slots,2.500000,0.000000,50,50,50,73,73,73,73,73,73,73,73,5,0,50,48.049239988904446,22.54709997214377,72.85940001020208,949.0
1788515717,5,GET,GET /api/v1/ticketing/types,4.000000,0.000000,5,6,6,8,8,8,8,8,8,8,8,10,0,8,18.750700005330145,4.000100016128272,96.59670002292842,751.0
1788515717,5,POST,POST /api/v1/auth/login,2.500000,0.000000,350,360,360,370,370,370,370,370,370,370,370,5,0,350,276.91845998633653,81.79889997700229,367.7984999958426,1051.0
1788515717,5,POST,POST /api/v1/reservations,2.500000,0.000000,120,120,140,140,140,140,140,140,140,140,140,5,0,110,107.60805996833369,53.61179995816201,136.93639996927232,570.0
1788515717,5,POST,POST /api/v1/reservations/[id]/confirm,2.500000,0.000000,88,88,90,90,90,90,90,90,90,90,90,5,0,84,73.8551199901849,29.9832999589853,90.46849998412654,575.0
1788515717,5,POST,POST /api/v1/shop/cart/checkout,2.500000,0.000000,160,160,170,170,170,170,170,170,170,170,170,5,0,130,129.92868000874296,48.111400043126196,172.85039997659624,676.0
1788515717,5,POST,POST /api/v1/shop/cart/items,2.500000,0.000000,120,120,140,140,140,140,140,140,140,140,140,5,0,120,101.99420000426471,38.2687000092119,139.5259000128135,442.0
1788515717,5,POST,POST /api/v1/shop/orders/[id]/pay,2.500000,0.000000,91,91,110,110,110,110,110,110,110,110,110,5,0,69,68.82605999708176,33.45579997403547,107.7876000199467,691.0
1788515717,5,POST,POST /api/v1/ticketing/orders,2.500000,0.000000,360,360,360,360,360,360,360,360,360,360,360,5,0,210,210.0502800079994,51.60549998981878,361.1217000288889,376.0
1788515717,5,POST,POST /api/v1/ticketing/orders/[id]/pay,2.500000,0.000000,120,120,120,120,120,120,120,120,120,120,120,5,0,67,75.11173998937011,41.891500004567206,119.51119999866933,469.0
1788515717,5,,Aggregated,36.000000,0.000000,46,88,110,120,140,190,310,360,360,360,360,91,0,46,74.3218824097242,4.000100016128272,367.7984999958426,811.1538461538462
1788515718,5,WS,/api/v1/guide/ws/crowd,0.000000,0.000000,10,10,10,10,10,10,10,10,10,10,10,3,0,9,9.20160002230356,8.422600047197193,9.8852000082843,1782.0
1788515718,5,GET,GET /api/v1/experiences,2.666667,0.000000,7,23,28,28,43,43,43,43,43,43,43,10,0,7,18.746029998874292,5.9213999775238335,47.1916000242345,1147.0
1788515718,5,GET,GET /api/v1/experiences/[id]/sessions,1.666667,0.000000,38,38,60,60,60,60,60,60,60,60,60,5,0,34,35.52647997858003,16.285999969113618,60.104999982286245,761.0
1788515718,5,GET,GET /api/v1/reservations,0.666667,0.000000,20,21,21,21,21,21,21,21,21,21,21,5,0,20,18.35363998543471,14.627999975346029,20.81939997151494,621.0
1788515718,5,GET,GET /api/v1/shop/orders,0.666667,0.000000,20,20,46,46,190,190,190,190,190,190,190,6,0,20,51.26718331788046,16.54969999799505,185.95119996462017,737.0
1788515718,5,GET,GET /api/v1/shop/products,1.666667,0.000000,39,46,49,49,76,76,76,76,76,76,76,9,0,21,31.540299985661274,11.950899963267148,76.2010999605991,1623.0
1788515718,5,GET,GET /api/v1/ticketing/orders,0.666667,0.000000,20,21,21,21,21,21,21,21,21,21,21,6,0,20,26.892599989272032,18.30679998965934,62.502299959305674,515.0
1788515718,5,GET,GET /api/v1/ticketing/slots,1.666667,0.000000,50,50,50,73,73,73,73,73,73,73,73,5,0,50,48.049239988904446,22.54709997214377,72.85940001020208,949.0
1788515718,5,GET,GET /api/v1/ticketing/types,3.333333,0.000000,5,5,6,6,8,8,8,8,8,8,8,11,0,8,17.486563640307974,4.000100016128272,96.59670002292842,751.0
1788515718,5,POST,POST /api/v1/auth/login,1.666667,0.000000,350,360,360,370,370,370,370,370,370,370,370,5,0,350,276.91845998633653,81.79889997700229,367.7984999958426,1051.0
1788515718,5,POST,POST /api/v1/reservations,1.666667,0.000000,120,120,140,140,140,140,140,140,140,140,140,5,0,110,107.60805996833369,53.61179995816201,136.93639996927232,570.0
1788515718,5,POST,POST /api/v1/reservations/[id]/confirm,1.666667,0.000000,88,88,90,90,90,90,90,90,90,90,90,5,0,84,73.8551199901849,29.9832999589853,90.46849998412654,575.0
1788515718,5,POST,POST /api/v1/shop/cart/checkout,1.666667,0.000000,160,160,170,170,170,170,170,170,170,170,170,5,0,130,129.92868000874296,48.111400043126196,172.85039997659624,676.0
1788515718,5,POST,POST /api/v1/shop/cart/items,1.666667,0.000000,120,120,140,140,140,140,140,140,140,140,140,5,0,120,101.99420000426471,38.2687000092119,139.5259000128135,442.0
1788515718,5,POST,POST /api/v1/shop/orders/[id]/pay,1.666667,0.000000,91,91,110,110,110,110,110,110,110,110,110,5,0,69,68.82605999708176,33.45579997403547,107.7876000199467,691.0
1788515718,5,POST,POST /api/v1/ticketing/orders,1.666667,0.000000,360,360,360,360,360,360,360,360,360,360,360,5,0,210,210.0502800079994,51.60549998981878,361.1217000288889,376.0
1788515718,5,POST,POST /api/v1/ticketing/orders/[id]/pay,1.666667,0.000000,120,120,120,120,120,120,120,120,120,120,120,5,0,67,75.11173998937011,41.891500004567206,119.51119999866933,469.0
1788515718,5,,Aggregated,26.333333,0.000000,38,76,97,110,140,170,310,360,360,360,360,100,0,42,68.91348499339074,4.000100016128272,367.7984999958426,831.01
1788515719,5,WS,/api/v1/guide/ws/crowd,0.250000,0.000000,10,10,10,10,10,10,10,10,10,10,10,5,0,9,9.2341200215742,8.422600047197193,9.8852000082843,1782.8
1788515719,5,GET,GET /api/v1/experiences,2.500000,0.000000,7,7,23,28,43,43,43,43,43,43,43,11,0,7,17.691136358983137,5.9213999775238335,47.1916000242345,1147.0
1788515719,5,GET,GET /api/v1/experiences/[id]/sessions,1.250000,0.000000,38,38,60,60,60,60,60,60,60,60,60,5,0,34,35.52647997858003,16.285999969113618,60.104999982286245,761.0
1788515719,5,GET,GET /api/v1/reservations,0.500000,0.000000,20,21,21,21,23,23,23,23,23,23,23,8,0,17,18.49067497823853,14.627999975346029,23.47149996785447,621.0
1788515719,5,GET,GET /api/v1/shop/orders,0.750000,0.000000,20,20,46,46,190,190,190,190,190,190,190,6,0,20,51.26718331788046,16.54969999799505,185.95119996462017,737.0
1788515719,5,GET,GET /api/v1/shop/products,2.000000,0.000000,15,39,46,49,76,76,76,76,76,76,76,11,0,15,28.34299089789221,11.950899963267148,76.2010999605991,1623.0
1788515719,5,GET,GET /api/v1/ticketing/orders,1.250000,0.000000,20,21,21,21,24,24,24,24,24,24,24,8,0,20,25.67037499102298,18.30679998965934,62.502299959305674,515.0
1788515719,5,GET,GET /api/v1/ticketing/slots,1.250000,0.000000,50,50,50,73,73,73,73,73,73,73,73,5,0,50,48.049239988904446,22.54709997214377,72.85940001020208,949.0
1788515719,5,GET,GET /api/v1/ticketing/types,2.500000,0.000000,5,5,6,6,8,8,8,8,8,8,8,11,0,8,17.486563640307974,4.000100016128272,96.59670002292842,751.0
1788515719,5,POST,POST /api/v1/auth/login,1.250000,0.000000,350,360,360,370,370,370,370,370,370,370,370,5,0,350,276.91845998633653,81.79889997700229,367.7984999958426,1051.0
1788515719,5,POST,POST /api/v1/reservations,1.250000,0.000000,120,120,140,140,140,140,140,140,140,140,140,5,0,110,107.60805996833369,53.61179995816201,136.93639996927232,570.0
1788515719,5,POST,POST /api/v1/reservations/[id]/confirm,1.250000,0.000000,88,88,90,90,90,90,90,90,90,90,90,5,0,84,73.8551199901849,29.9832999589853,90.46849998412654,575.0
1788515719,5,POST,POST /api/v1/shop/cart/checkout,1.250000,0.000000,160,160,170,170,170,170,170,170,170,170,170,5,0,130,129.92868000874296,48.111400043126196,172.85039997659624,676.0
1788515719,5,POST,POST /api/v1/shop/cart/items,1.250000,0.000000,120,120,140,140,140,140,140,140,140,140,140,5,0,120,101.99420000426471,38.2687000092119,139.5259000128135,442.0
1788515719,5,POST,POST /api/v1/shop/orders/[id]/pay,1.250000,0.000000,91,91,110,110,110,110,110,110,110,110,110,5,0,69,68.82605999708176,33.45579997403547,107.7876000199467,691.0
1788515719,5,POST,POST /api/v1/ticketing/orders,1.250000,0.000000,360,360,360,360,360,360,360,360,360,360,360,5,0,210,210.0502800079994,51.60549998981878,361.1217000288889,376.0
1788515719,5,POST,POST /api/v1/ticketing/orders/[id]/pay,1.250000,0.000000,120,120,120,120,120,120,120,120,120,120,120,5,0,67,75.11173998937011,41.891500004567206,119.51119999866933,469.0
1788515719,5,,Aggregated,22.250000,0.000000,23,60,90,110,130,170,310,360,360,360,360,110,0,33,64.04664817488414,4.000100016128272,367.7984999958426,854.1363636363636
1788515720,5,WS,/api/v1/guide/ws/crowd,0.600000,0.000000,9,9,10,10,10,10,10,10,10,10,10,7,0,9,8.928385721186974,7.94429995585233,9.8852000082843,1783.142857142857
1788515720,5,GET,GET /api/v1/experiences,2.000000,0.000000,7,7,23,28,43,43,43,43,43,43,43,11,0,7,17.691136358983137,5.9213999775238335,47.1916000242345,1147.0
1788515720,5,GET,GET /api/v1/experiences/[id]/sessions,1.000000,0.000000,38,38,60,60,60,60,60,60,60,60,60,5,0,34,35.52647997858003,16.285999969113618,60.104999982286245,761.0
1788515720,5,GET,GET /api/v1/reservations,1.000000,0.000000,16,17,21,21,21,23,23,23,23,23,23,12,0,16,17.410899978131056,13.963099976535887,23.47149996785447,621.0
1788515720,5,GET,GET /api/v1/shop/orders,1.200000,0.000000,20,20,46,46,190,190,190,190,190,190,190,7,0,20,46.5001571324787,16.54969999799505,185.95119996462017,737.0
1788515720,5,GET,GET /api/v1/shop/products,1.800000,0.000000,15,39,46,49,76,76,76,76,76,76,76,11,0,15,28.34299089789221,11.950899963267148,76.2010999605991,1623.0
1788515720,5,GET,GET /api/v1/ticketing/orders,1.000000,0.000000,20,21,21,21,24,24,24,24,24,24,24,9,0,20,24.719499989360983,17.11249997606501,62.502299959305674,515.0
1788515720,5,GET,GET /api/v1/ticketing/slots,1.000000,0.000000,50,50,50,73,73,73,73,73,73,73,73,5,0,50,48.049239988904446,22.54709997214377,72.85940001020208,949.0
1788515720,5,GET,GET /api/v1/ticketing/types,2.000000,0.000000,5,5,6,6,8,8,8,8,8,8,8,11,0,8,17.486563640307974,4.000100016128272,96.59670002292842,751.0
1788515720,5,POST,POST /api/v1/auth/login,1.000000,0.000000,350,360,360,370,370,370,370,370,370,370,370,5,0,350,276.91845998633653,81.79889997700229,367.7984999958426,1051.0
1788515720,5,POST,POST /api/v1/reservations,1.000000,0.000000,120,120,140,140,140,140,140,140,140,140,140,5,0,110,107.60805996833369,53.61179995816201,136.93639996927232,570.0
1788515720,5,POST,POST /api/v1/reservations/[id]/confirm,1.000000,0.000000,88,88,90,90,90,90,90,90,90,90,90,5,0,84,73.8551199901849,29.9832999589853,90.46849998412654,575.0
1788515720,5,POST,POST /api/v1/shop/cart/checkout,1.000000,0.000000,160,160,170,170,170,170,170,170,170,170,170,5,0,130,129.92868000874296,48.111400043126196,172.85039997659624,676.0
1788515720,5,POST,POST /api/v1/shop/cart/items,1.000000,0.000000,120,120,140,140,140,140,140,140,140,140,140,5,0,120,101.99420000426471,38.2687000092119,139.5259000128135,442.0
1788515720,5,POST,POST /api/v1/shop/orders/[id]/pay,1.000000,0.000000,91,91,110,110,110,110,110,110,110,110,110,5,0,69,68.82605999708176,33.45579997403547,107.7876000199467,691.0
1788515720,5,POST,POST /api/v1/ticketing/orders,1.000000,0.000000,360,360,360,360,360,360,360,360,360,360,360,5,0,210,210.0502800079994,51.60549998981878,361.1217000288889,376.0
1788515720,5,POST,POST /api/v1/ticketing/orders/[id]/pay,1.000000,0.000000,120,120,120,120,120,120,120,120,120,120,120,5,0,67,75.11173998937011,41.891500004567206,119.51119999866933,469.0
1788515720,5,,Aggregated,19.600000,0.000000,20,46,84,91,130,160,310,360,360,360,360,118,0,24,60.65657033123297,4.000100016128272,367.7984999958426,858.1271186440678
1788515721,5,WS,/api/v1/guide/ws/crowd,0.833333,0.000000,9,9,10,10,10,10,10,10,10,10,10,7,0,9,8.928385721186974,7.94429995585233,9.8852000082843,1783.142857142857
1788515721,5,GET,GET /api/v1/experiences,1.833333,0.000000,7,7,23,28,43,43,43,43,43,43,43,11,0,7,17.691136358983137,5.9213999775238335,47.1916000242345,1147.0
1788515721,5,GET,GET /api/v1/experiences/[id]/sessions,0.833333,0.000000,38,38,60,60,60,60,60,60,60,60,60,5,0,34,35.52647997858003,16.285999969113618,60.104999982286245,761.0
1788515721,5,GET,GET /api/v1/reservations,1.000000,0.000000,16,18,20,21,21,23,23,23,23,23,23,14,0,16,17.334992835198396,13.963099976535887,23.47149996785447,621.0
1788515721,5,GET,GET /api/v1/shop/orders,1.000000,0.000000,20,21,21,21,46,190,190,190,190,190,190,11,0,20,36.88091817523607,16.54969999799505,185.95119996462017,737.0
1788515721,5,GET,GET /api/v1/shop/products,1.666667,0.000000,15,39,46,49,76,76,76,76,76,76,76,11,0,15,28.34299089789221,11.950899963267148,76.2010999605991,1623.0
1788515721,5,GET,GET /api/v1/ticketing/orders,1.166667,0.000000,21,21,21,23,24,24,24,24,24,24,24,11,0,21,24.22856362748214,17.11249997606501,62.502299959305674,515.0
1788515721,5,GET,GET /api/v1/ticketing/slots,0.833333,0.000000,50,50,50,73,73,73,73,73,73,73,73,5,0,50,48.049239988904446,22.54709997214377,72.85940001020208,949.0
1788515721,5,GET,GET /api/v1/ticketing/types,1.833333,0.000000,5,5,6,6,8,8,8,8,8,8,8,12,0,6,16.425775005094085,4.000100016128272,96.59670002292842,751.0
1788515721,5,POST,POST /api/v1/auth/login,0.833333,0.000000,350,360,360,370,370,370,370,370,370,370,370,5,0,350,276.91845998633653,81.79889997700229,367.7984999958426,1051.0
1788515721,5,POST,POST /api/v1/reservations,0.833333,0.000000,120,120,140,140,140,140,140,140,140,140,140,5,0,110,107.60805996833369,53.61179995816201,136.93639996927232,570.0
1788515721,5,POST,POST /api/v1/reservations/[id]/confirm,0.833333,0.000000,88,88,90,90,90,90,90,90,90,90,90,5,0,84,73.8551199901849,29.9832999589853,90.46849998412654,575.0
1788515721,5,POST,POST /api/v1/shop/cart/checkout,0.833333,0.000000,160,160,170,170,170,170,170,170,170,170,170,5,0,130,129.92868000874296,48.111400043126196,172.85039997659624,676.0
1788515721,5,POST,POST /api/v1/shop/cart/items,0.833333,0.000000,120,120,140,140,140,140,140,140,140,140,140,5,0,120,101.99420000426471,38.2687000092119,139.5259000128135,442.0
1788515721,5,POST,POST /api/v1/shop/orders/[id]/pay,0.833333,0.000000,91,91,110,110,110,110,110,110,110,110,110,5,0,69,68.82605999708176,33.45579997403547,107.7876000199467,691.0
1788515721,5,POST,POST /api/v1/ticketing/orders,0.833333,0.000000,360,360,360,360,360,360,360,360,360,360,360,5,0,210,210.0502800079994,51.60549998981878,361.1217000288889,376.0
1788515721,5,POST,POST /api/v1/ticketing/orders/[id]/pay,0.833333,0.000000,120,120,120,120,120,120,120,120,120,120,120,5,0,67,75.11173998937011,41.891500004567206,119.51119999866933,469.0
1788515721,5,,Aggregated,17.666667,0.000000,20,39,76,90,120,160,310,360,360,360,360,127,0,23,57.63952125241525,4.000100016128272,367.7984999958426,844.3307086614174
1788515722,5,WS,/api/v1/guide/ws/crowd,0.714286,0.000000,8,9,10,10,10,10,10,10,10,10,10,8,0,8,8.866425006999634,7.94429995585233,9.8852000082843,1783.25
1788515722,5,GET,GET /api/v1/experiences,1.571429,0.000000,7,7,23,28,43,43,43,43,43,43,43,11,0,7,17.691136358983137,5.9213999775238335,47.1916000242345,1147.0
1788515722,5,GET,GET /api/v1/experiences/[id]/sessions,0.714286,0.000000,38,38,60,60,60,60,60,60,60,60,60,5,0,34,35.52647997858003,16.285999969113618,60.104999982286245,761.0
1788515722,5,GET,GET /api/v1/reservations,1.714286,0.000000,16,18,20,21,21,23,23,23,23,23,23,15,0,16,17.36448664451018,13.963099976535887,23.47149996785447,621.0
1788515722,5,GET,GET /api/v1/shop/orders,1.000000,0.000000,20,20,21,21,46,190,190,190,190,190,190,13,0,20,33.75721537920002,16.381299996282905,185.95119996462017,737.0
1788515722,5,GET,GET /api/v1/shop/products,1.571429,0.000000,15,39,46,49,76,76,76,76,76,76,76,11,0,15,28.34299089789221,11.950899963267148,76.2010999605991,1623.0
1788515722,5,GET,GET /api/v1/ticketing/orders,1.285714,0.000000,21,21,22,22,23,24,24,24,24,24,24,12,0,21,24.067141658936936,17.11249997606501,62.502299959305674,515.0
1788515722,5,GET,GET /api/v1/ticketing/slots,0.714286,0.000000,50,50,50,73,73,73,73,73,73,73,73,5,0,50,48.049239988904446,22.54709997214377,72.85940001020208,949.0
1788515722,5,GET,GET /api/v1/ticketing/types,1.571429,0.000000,5,5,6,6,8,8,8,8,8,8,8,15,0,6,14.158206669768939,4.000100016128272,96.59670002292842,751.0
1788515722,5,POST,POST /api/v1/auth/login,0.714286,0.000000,350,360,360,370,370,370,370,370,370,370,370,5,0,350,276.91845998633653,81.79889997700229,367.7984999958426,1051.0
1788515722,5,POST,POST /api/v1/reservations,0.714286,0.000000,120,120,140,140,140,140,140,140,140,140,140,5,0,110,107.60805996833369,53.61179995816201,136.93639996927232,570.0
1788515722,5,POST,POST /api/v1/reservations/[id]/confirm,0.714286,0.000000,88,88,90,90,90,90,90,90,90,90,90,5,0,84,73.8551199901849,29.9832999589853,90.46849998412654,575.0
1788515722,5,POST,POST /api/v1/shop/cart/checkout,0.714286,0.000000,160,160,170,170,170,170,170,170,170,170,170,5,0,130,129.92868000874296,48.111400043126196,172.85039997659624,676.0
1788515722,5,POST,POST /api/v1/shop/cart/items,0.714286,0.000000,120,120,140,140,140,140,140,140,140,140,140,5,0,120,101.99420000426471,38.2687000092119,139.5259000128135,442.0
1788515722,5,POST,POST /api/v1/shop/orders/[id]/pay,0.714286,0.000000,91,91,110,110,110,110,110,110,110,110,110,5,0,69,68.82605999708176,33.45579997403547,107.7876000199467,691.0
1788515722,5,POST,POST /api/v1/ticketing/orders,0.714286,0.000000,360,360,360,360,360,360,360,360,360,360,360,5,0,210,210.0502800079994,51.60549998981878,361.1217000288889,376.0
1788515722,5,POST,POST /api/v1/ticketing/orders/[id]/pay,0.714286,0.000000,120,120,120,120,120,120,120,120,120,120,120,5,0,67,75.11173998937011,41.891500004567206,119.51119999866933,469.0
1788515722,5,,Aggregated,16.571429,0.000000,20,28,63,88,120,140,190,310,360,360,360,135,0,21,54.94176517801221,4.000100016128272,367.7984999958426,843.5333333333333
1788515723,5,WS,/api/v1/guide/ws/crowd,0.875000,0.000000,8,9,10,10,10,10,10,10,10,10,10,8,0,8,8.866425006999634,7.94429995585233,9.8852000082843,1783.25
1788515723,5,GET,GET /api/v1/experiences,1.375000,0.000000,7,7,23,23,28,43,43,43,43,43,43,13,0,7,16.062392306943927,5.9213999775238335,47.1916000242345,1147.0
1788515723,5,GET,GET /api/v1/experiences/[id]/sessions,0.625000,0.000000,38,38,60,60,60,60,60,60,60,60,60,5,0,34,35.52647997858003,16.285999969113618,60.104999982286245,761.0
1788515723,5,GET,GET /api/v1/reservations,1.750000,0.000000,16,18,21,21,140,170,170,170,170,170,170,19,0,16,31.54231050958563,13.963099976535887,168.0894999881275,621.0
1788515723,5,GET,GET /api/v1/shop/orders,1.125000,0.000000,19,20,21,21,46,190,190,190,190,190,190,16,0,18,30.371118744369596,13.644599996041507,185.95119996462017,737.0
1788515723,5,GET,GET /api/v1/shop/products,1.375000,0.000000,15,39,46,46,49,76,76,76,76,76,76,12,0,15,27.67312499054242,11.950899963267148,76.2010999605991,1623.0
1788515723,5,GET,GET /api/v1/ticketing/orders,1.375000,0.000000,21,21,23,23,24,28,28,28,28,28,28,13,0,21,24.36126153378819,17.11249997606501,62.502299959305674,515.0
1788515723,5,GET,GET /api/v1/ticketing/slots,0.625000,0.000000,50,50,50,73,73,73,73,73,73,73,73,5,0,50,48.049239988904446,22.54709997214377,72.85940001020208,949.0
1788515723,5,GET,GET /api/v1/ticketing/types,1.375000,0.000000,5,5,6,6,8,8,8,8,8,8,8,15,0,6,14.158206669768939,4.000100016128272,96.59670002292842,751.0
1788515723,5,POST,POST /api/v1/auth/login,0.625000,0.000000,350,360,360,370,370,370,370,370,370,370,370,5,0,350,276.91845998633653,81.79889997700229,367.7984999958426,1051.0
1788515723,5,POST,POST /api/v1/reservations,0.625000,0.000000,120,120,140,140,140,140,140,140,140,140,140,5,0,110,107.60805996833369,53.61179995816201,136.93639996927232,570.0
1788515723,5,POST,POST /api/v1/reservations/[id]/confirm,0.625000,0.000000,88,88,90,90,90,90,90,90,90,90,90,5,0,84,73.8551199901849,29.9832999589853,90.46849998412654,575.0
1788515723,5,POST,POST /api/v1/shop/cart/checkout,0.625000,0.000000,160,160,170,170,170,170,170,170,170,170,170,5,0,130,129.92868000874296,48.111400043126196,172.85039997659624,676.0
1788515723,5,POST,POST /api/v1/shop/cart/items,0.625000,0.000000,120,120,140,140,140,140,140,140,140,140,140,5,0,120,101.99420000426471,38.2687000092119,139.5259000128135,442.0
1788515723,5,POST,POST /api/v1/shop/orders/[id]/pay,0.625000,0.000000,91,91,110,110,110,110,110,110,110,110,110,5,0,69,68.82605999708176,33.45579997403547,107.7876000199467,691.0
1788515723,5,POST,POST /api/v1/ticketing/orders,0.625000,0.000000,360,360,360,360,360,360,360,360,360,360,360,5,0,210,210.0502800079994,51.60549998981878,361.1217000288889,376.0
1788515723,5,POST,POST /api/v1/ticketing/orders/[id]/pay,0.625000,0.000000,120,120,120,120,120,120,120,120,120,120,120,5,0,67,75.11173998937011,41.891500004567206,119.51119999866933,469.0
1788515723,5,,Aggregated,15.500000,0.000000,20,28,60,88,120,160,190,310,360,360,360,146,0,21,53.87310204869583,4.000100016128272,367.7984999958426,842.4931506849315
1788515724,5,WS,/api/v1/guide/ws/crowd,0.888889,0.000000,9,9,10,10,10,10,10,10,10,10,10,9,0,9,8.934911120579475,7.94429995585233,9.8852000082843,1783.3333333333333
1788515724,5,GET,GET /api/v1/experiences,1.222222,0.000000,7,7,7,7,7,7,7,7,7,7,7,14,0,7,15.434842856068697,5.9213999775238335,47.1916000242345,1147.0
1788515724,5,GET,GET /api/v1/experiences/[id]/sessions,0.555556,0.000000,38,38,60,60,60,60,60,60,60,60,60,5,0,34,35.52647997858003,16.285999969113618,60.104999982286245,761.0
1788515724,5,GET,GET /api/v1/reservations,1.555556,0.000000,16,18,21,21,140,170,170,170,170,170,170,20,0,16,31.02327498199884,13.963099976535887,168.0894999881275,621.0
1788515724,5,GET,GET /api/v1/shop/orders,1.444444,0.000000,18,20,20,21,46,190,190,190,190,190,190,18,0,18,28.812199992696858,13.644599996041507,185.95119996462017,737.0
1788515724,5,GET,GET /api/v1/shop/products,1.222222,0.000000,15,20,46,46,49,76,76,76,76,76,76,13,0,15,26.55131537735892,11.950899963267148,76.2010999605991,1623.0
1788515724,5,GET,GET /api/v1/ticketing/orders,1.333333,0.000000,21,21,23,23,24,28,28,28,28,28,28,16,0,21,23.712981241260422,17.11249997606501,62.502299959305674,515.0
1788515724,5,GET,GET /api/v1/ticketing/slots,0.555556,0.000000,50,50,50,73,73,73,73,73,73,73,73,5,0,50,48.049239988904446,22.54709997214377,72.85940001020208,949.0
1788515724,5,GET,GET /api/v1/ticketing/types,1.555556,0.000000,5,5,5,5,6,6,6,6,6,6,6,15,0,6,14.158206669768939,4.000100016128272,96.59670002292842,751.0
1788515724,5,POST,POST /api/v1/auth/login,0.555556,0.000000,350,360,360,370,370,370,370,370,370,370,370,5,0,350,276.91845998633653,81.79889997700229,367.7984999958426,1051.0
1788515724,5,POST,POST /api/v1/reservations,0.555556,0.000000,120,120,140,140,140,140,140,140,140,140,140,5,0,110,107.60805996833369,53.61179995816201,136.93639996927232,570.0
1788515724,5,POST,POST /api/v1/reservations/[id]/confirm,0.555556,0.000000,88,88,90,90,90,90,90,90,90,90,90,5,0,84,73.8551199901849,29.9832999589853,90.46849998412654,575.0
1788515724,5,POST,POST /api/v1/shop/cart/checkout,0.555556,0.000000,160,160,170,170,170,170,170,170,170,170,170,5,0,130,129.92868000874296,48.111400043126196,172.85039997659624,676.0
1788515724,5,POST,POST /api/v1/shop/cart/items,0.555556,0.000000,120,120,140,140,140,140,140,140,140,140,140,5,0,120,101.99420000426471,38.2687000092119,139.5259000128135,442.0
1788515724,5,POST,POST /api/v1/shop/orders/[id]/pay,0.555556,0.000000,91,91,110,110,110,110,110,110,110,110,110,5,0,69,68.82605999708176,33.45579997403547,107.7876000199467,691.0
1788515724,5,POST,POST /api/v1/ticketing/orders,0.555556,0.000000,360,360,360,360,360,360,360,360,360,360,360,5,0,210,210.0502800079994,51.60549998981878,361.1217000288889,376.0
1788515724,5,POST,POST /api/v1/ticketing/orders/[id]/pay,0.555556,0.000000,120,120,120,120,120,120,120,120,120,120,120,5,0,67,75.11173998937011,41.891500004567206,119.51119999866933,469.0
1788515724,5,,Aggregated,14.777778,0.000000,16,18,20,20,21,23,140,170,170,170,170,155,0,21,51.68952644509714,4.000100016128272,367.7984999958426,846.4387096774194
1788515725,5,WS,/api/v1/guide/ws/crowd,0.800000,0.000000,9,9,10,10,10,10,10,10,10,10,10,12,0,9,9.084291673692254,7.94429995585233,10.350800002925098,1783.5
1788515725,5,GET,GET /api/v1/experiences,1.300000,0.000000,7,7,7,7,7,7,7,7,7,7,7,14,0,7,15.434842856068697,5.9213999775238335,47.1916000242345,1147.0
1788515725,5,GET,GET /api/v1/experiences/[id]/sessions,0.500000,0.000000,38,38,60,60,60,60,60,60,60,60,60,5,0,34,35.52647997858003,16.285999969113618,60.104999982286245,761.0
1788515725,5,GET,GET /api/v1/reservations,1.900000,0.000000,16,18,21,21,140,170,170,170,170,170,170,21,0,16,30.27962379079933,13.963099976535887,168.0894999881275,621.0
1788515725,5,GET,GET /api/v1/shop/orders,1.400000,0.000000,18,19,20,20,21,21,21,21,21,21,21,20,0,18,27.76572999136988,13.644599996041507,185.95119996462017,737.0
1788515725,5,GET,GET /api/v1/shop/products,1.200000,0.000000,14,14,15,15,20,20,20,20,20,20,20,13,0,15,26.55131537735892,11.950899963267148,76.2010999605991,1623.0
1788515725,5,GET,GET /api/v1/ticketing/orders,1.200000,0.000000,21,21,23,23,24,28,28,28,28,28,28,17,0,21,23.356747049975265,17.11249997606501,62.502299959305674,515.0
1788515725,5,GET,GET /api/v1/ticketing/slots,0.500000,0.000000,50,50,50,73,73,73,73,73,73,73,73,5,0,50,48.049239988904446,22.54709997214377,72.85940001020208,949.0
1788515725,5,GET,GET /api/v1/ticketing/types,1.500000,0.000000,5,5,5,5,6,6,6,6,6,6,6,15,0,6,14.158206669768939,4.000100016128272,96.59670002292842,751.0
1788515725,5,POST,POST /api/v1/auth/login,0.500000,0.000000,350,360,360,370,370,370,370,370,370,370,370,5,0,350,276.91845998633653,81.79889997700229,367.7984999958426,1051.0
1788515725,5,POST,POST /api/v1/reservations,0.500000,0.000000,120,120,140,140,140,140,140,140,140,140,140,5,0,110,107.60805996833369,53.61179995816201,136.93639996927232,570.0
1788515725,5,POST,POST /api/v1/reservations/[id]/confirm,0.500000,0.000000,88,88,90,90,90,90,90,90,90,90,90,5,0,84,73.8551199901849,29.9832999589853,90.46849998412654,575.0
1788515725,5,POST,POST /api/v1/shop/cart/checkout,0.500000,0.000000,160,160,170,170,170,170,170,170,170,170,170,5,0,130,129.92868000874296,48.111400043126196,172.85039997659624,676.0
1788515725,5,POST,POST /api/v1/shop/cart/items,0.500000,0.000000,120,120,140,140,140,140,140,140,140,140,140,5,0,120,101.99420000426471,38.2687000092119,139.5259000128135,442.0
1788515725,5,POST,POST /api/v1/shop/orders/[id]/pay,0.500000,0.000000,91,91,110,110,110,110,110,110,110,110,110,5,0,69,68.82605999708176,33.45579997403547,107.7876000199467,691.0
1788515725,5,POST,POST /api/v1/ticketing/orders,0.500000,0.000000,360,360,360,360,360,360,360,360,360,360,360,5,0,210,210.0502800079994,51.60549998981878,361.1217000288889,376.0
1788515725,5,POST,POST /api/v1/ticketing/orders/[id]/pay,0.500000,0.000000,120,120,120,120,120,120,120,120,120,120,120,5,0,67,75.11173998937011,41.891500004567206,119.51119999866933,469.0
1788515725,5,,Aggregated,14.300000,0.000000,16,18,20,20,21,23,140,170,170,170,170,162,0,20,50.06316357348287,4.000100016128272,367.7984999958426,859.0123456790124
1788515726,5,WS,/api/v1/guide/ws/crowd,0.800000,0.000000,9,10,10,10,14,14,14,14,14,14,14,14,0,9,9.826878580497578,7.94429995585233,14.361600042320788,1783.5714285714287
1788515726,5,GET,GET /api/v1/experiences,1.200000,0.000000,7,7,7,7,7,7,7,7,7,7,7,15,0,7,14.888533332850784,5.9213999775238335,47.1916000242345,1147.0
1788515726,5,GET,GET /api/v1/experiences/[id]/sessions,0.300000,0.000000,38,38,60,60,60,60,60,60,60,60,60,5,0,34,35.52647997858003,16.285999969113618,60.104999982286245,761.0
1788515726,5,GET,GET /api/v1/reservations,1.900000,0.000000,16,18,20,21,23,140,170,170,170,170,170,23,0,16,29.214208677370586,13.963099976535887,168.0894999881275,621.0
1788515726,5,GET,GET /api/v1/shop/orders,1.600000,0.000000,18,19,20,20,21,21,21,21,21,21,21,21,0,18,27.196061897224613,13.644599996041507,185.95119996462017,737.0
1788515726,5,GET,GET /api/v1/shop/products,1.200000,0.000000,14,14,14,14,20,20,20,20,20,20,20,14,0,14,25.501985705756983,11.860699974931777,76.2010999605991,1623.0
1788515726,5,GET,GET /api/v1/ticketing/orders,1.500000,0.000000,21,21,22,23,24,28,28,28,28,28,28,20,0,21,22.903029990266077,17.11249997606501,62.502299959305674,515.0
1788515726,5,GET,GET /api/v1/ticketing/slots,0.000000,0.000000,50,50,50,73,73,73,73,73,73,73,73,5,0,50,48.049239988904446,22.54709997214377,72.85940001020208,949.0
1788515726,5,GET,GET /api/v1/ticketing/types,1.000000,0.000000,5,5,5,5,6,6,6,6,6,6,6,16,0,5,13.608856253995327,4.000100016128272,96.59670002292842,751.0
1788515726,5,POST,POST /api/v1/auth/login,0.000000,0.000000,350,360,360,370,370,370,370,370,370,370,370,5,0,350,276.91845998633653,81.79889997700229,367.7984999958426,1051.0
1788515726,5,POST,POST /api/v1/reservations,0.400000,0.000000,120,120,140,140,140,140,140,140,140,140,140,5,0,110,107.60805996833369,53.61179995816201,136.93639996927232,570.0
1788515726,5,POST,POST /api/v1/reservations/[id]/confirm,0.400000,0.000000,88,88,90,90,90,90,90,90,90,90,90,5,0,84,73.8551199901849,29.9832999589853,90.46849998412654,575.0
1788515726,5,POST,POST /api/v1/shop/cart/checkout,0.400000,0.000000,160,160,170,170,170,170,170,170,170,170,170,5,0,130,129.92868000874296,48.111400043126196,172.85039997659624,676.0
1788515726,5,POST,POST /api/v1/shop/cart/items,0.400000,0.000000,120,120,140,140,140,140,140,140,140,140,140,5,0,120,101.99420000426471,38.2687000092119,139.5259000128135,442.0
1788515726,5,POST,POST /api/v1/shop/orders/[id]/pay,0.400000,0.000000,91,91,110,110,110,110,110,110,110,110,110,5,0,69,68.82605999708176,33.45579997403547,107.7876000199467,691.0
1788515726,5,POST,POST /api/v1/ticketing/orders,0.200000,0.000000,360,360,360,360,360,360,360,360,360,360,360,5,0,210,210.0502800079994,51.60549998981878,361.1217000288889,376.0
1788515726,5,POST,POST /api/v1/ticketing/orders/[id]/pay,0.200000,0.000000,120,120,120,120,120,120,120,120,120,120,120,5,0,67,75.11173998937011,41.891500004567206,119.51119999866933,469.0
1788515726,5,,Aggregated,11.900000,0.000000,16,18,20,20,21,23,140,170,170,170,170,173,0,20,47.83884450225321,4.000100016128272,367.7984999958426,865.7398843930636
1788515727,5,WS,/api/v1/guide/ws/crowd,1.200000,0.000000,9,10,11,11,14,14,14,14,14,14,14,15,0,9,9.881893339722106,7.94429995585233,14.361600042320788,1783.6
1788515727,5,GET,GET /api/v1/experiences,0.900000,0.000000,7,7,7,7,7,7,7,7,7,7,7,15,0,7,14.888533332850784,5.9213999775238335,47.1916000242345,1147.0
1788515727,5,GET,GET /api/v1/experiences/[id]/sessions,0.000000,0.000000,38,38,60,60,60,60,60,60,60,60,60,5,0,34,35.52647997858003,16.285999969113618,60.104999982286245,761.0
1788515727,5,GET,GET /api/v1/reservations,1.900000,0.000000,17,18,20,21,140,170,170,170,170,170,170,25,0,17,28.311119985301048,13.963099976535887,168.0894999881275,621.0
1788515727,5,GET,GET /api/v1/shop/orders,1.700000,0.000000,18,19,20,20,21,21,21,21,21,21,21,23,0,18,26.413913036737107,13.644599996041507,185.95119996462017,737.0
1788515727,5,GET,GET /api/v1/shop/products,0.800000,0.000000,14,14,14,14,20,20,20,20,20,20,20,15,0,14,24.68965999238814,11.860699974931777,76.2010999605991,1623.0
1788515727,5,GET,GET /api/v1/ticketing/orders,1.600000,0.000000,21,22,23,23,24,28,28,28,28,28,28,23,0,21,22.657708687525567,17.11249997606501,62.502299959305674,515.0
1788515727,5,GET,GET /api/v1/ticketing/slots,0.000000,0.000000,50,50,50,73,73,73,73,73,73,73,73,5,0,50,48.049239988904446,22.54709997214377,72.85940001020208,949.0
1788515727,5,GET,GET /api/v1/ticketing/types,0.700000,0.000000,5,5,5,5,6,6,6,6,6,6,6,17,0,5,13.111682358773097,4.000100016128272,96.59670002292842,751.0
1788515727,5,POST,POST /api/v1/auth/login,0.000000,0.000000,350,360,360,370,370,370,370,370,370,370,370,5,0,350,276.91845998633653,81.79889997700229,367.7984999958426,1051.0
1788515727,5,POST,POST /api/v1/reservations,0.000000,0.000000,120,120,140,140,140,140,140,140,140,140,140,5,0,110,107.60805996833369,53.61179995816201,136.93639996927232,570.0
1788515727,5,POST,POST /api/v1/reservations/[id]/confirm,0.000000,0.000000,88,88,90,90,90,90,90,90,90,90,90,5,0,84,73.8551199901849,29.9832999589853,90.46849998412654,575.0
1788515727,5,POST,POST /api/v1/shop/cart/checkout,0.000000,0.000000,160,160,170,170,170,170,170,170,170,170,170,5,0,130,129.92868000874296,48.111400043126196,172.85039997659624,676.0
1788515727,5,POST,POST /api/v1/shop/cart/items,0.000000,0.000000,120,120,140,140,140,140,140,140,140,140,140,5,0,120,101.99420000426471,38.2687000092119,139.5259000128135,442.0
1788515727,5,POST,POST /api/v1/shop/orders/[id]/pay,0.000000,0.000000,91,91,110,110,110,110,110,110,110,110,110,5,0,69,68.82605999708176,33.45579997403547,107.7876000199467,691.0
1788515727,5,POST,POST /api/v1/ticketing/orders,0.000000,0.000000,360,360,360,360,360,360,360,360,360,360,360,5,0,210,210.0502800079994,51.60549998981878,361.1217000288889,376.0
1788515727,5,POST,POST /api/v1/ticketing/orders/[id]/pay,0.000000,0.000000,120,120,120,120,120,120,120,120,120,120,120,5,0,67,75.11173998937011,41.891500004567206,119.51119999866933,469.0
1788515727,5,,Aggregated,8.800000,0.000000,16,18,20,21,22,23,140,170,170,170,170,183,0,20,46.12331584132851,4.000100016128272,367.7984999958426,864.4371584699453
1788515728,5,WS,/api/v1/guide/ws/crowd,1.400000,0.000000,10,11,11,14,14,14,14,14,14,14,14,17,0,9,10.14612942098585,7.94429995585233,14.361600042320788,1783.6470588235295
1788515728,5,GET,GET /api/v1/experiences,0.700000,0.000000,7,7,8,8,8,8,8,8,8,8,8,17,0,7,14.034670585876002,5.9213999775238335,47.1916000242345,1147.0
1788515728,5,GET,GET /api/v1/experiences/[id]/sessions,0.000000,0.000000,38,38,60,60,60,60,60,60,60,60,60,5,0,34,35.52647997858003,16.285999969113618,60.104999982286245,761.0
1788515728,5,GET,GET /api/v1/reservations,2.000000,0.000000,17,18,20,21,140,170,170,170,170,170,170,26,0,16,27.844703832390504,13.963099976535887,168.0894999881275,621.0
1788515728,5,GET,GET /api/v1/shop/orders,1.800000,0.000000,18,19,19,20,21,21,21,21,21,21,21,25,0,18,25.82745199324563,13.644599996041507,185.95119996462017,737.0
1788515728,5,GET,GET /api/v1/shop/products,0.900000,0.000000,13,14,14,20,20,20,20,20,20,20,20,15,0,14,24.68965999238814,11.860699974931777,76.2010999605991,1623.0
1788515728,5,GET,GET /api/v1/ticketing/orders,1.600000,0.000000,22,22,23,23,24,28,28,28,28,28,28,25,0,21,22.64134799130261,17.11249997606501,62.502299959305674,515.0
1788515728,5,GET,GET /api/v1/ticketing/slots,0.000000,0.000000,50,50,50,73,73,73,73,73,73,73,73,5,0,50,48.049239988904446,22.54709997214377,72.85940001020208,949.0
1788515728,5,GET,GET /api/v1/ticketing/types,0.600000,0.000000,5,5,5,5,6,6,6,6,6,6,6,18,0,5,12.658905561289025,4.000100016128272,96.59670002292842,751.0
1788515728,5,POST,POST /api/v1/auth/login,0.000000,0.000000,350,360,360,370,370,370,370,370,370,370,370,5,0,350,276.91845998633653,81.79889997700229,367.7984999958426,1051.0
1788515728,5,POST,POST /api/v1/reservations,0.000000,0.000000,120,120,140,140,140,140,140,140,140,140,140,5,0,110,107.60805996833369,53.61179995816201,136.93639996927232,570.0
1788515728,5,POST,POST /api/v1/reservations/[id]/confirm,0.000000,0.000000,88,88,90,90,90,90,90,90,90,90,90,5,0,84,73.8551199901849,29.9832999589853,90.46849998412654,575.0
1788515728,5,POST,POST /api/v1/shop/cart/checkout,0.000000,0.000000,160,160,170,170,170,170,170,170,170,170,170,5,0,130,129.92868000874296,48.111400043126196,172.85039997659624,676.0
1788515728,5,POST,POST /api/v1/shop/cart/items,0.000000,0.000000,120,120,140,140,140,140,140,140,140,140,140,5,0,120,101.99420000426471,38.2687000092119,139.5259000128135,442.0
1788515728,5,POST,POST /api/v1/shop/orders/[id]/pay,0.000000,0.000000,91,91,110,110,110,110,110,110,110,110,110,5,0,69,68.82605999708176,33.45579997403547,107.7876000199467,691.0
1788515728,5,POST,POST /api/v1/ticketing/orders,0.000000,0.000000,360,360,360,360,360,360,360,360,360,360,360,5,0,210,210.0502800079994,51.60549998981878,361.1217000288889,376.0
1788515728,5,POST,POST /api/v1/ticketing/orders/[id]/pay,0.000000,0.000000,120,120,120,120,120,120,120,120,120,120,120,5,0,67,75.11173998937011,41.891500004567206,119.51119999866933,469.0
1788515728,5,,Aggregated,9.000000,0.000000,16,18,20,21,23,23,140,170,170,170,170,193,0,19,44.47825232622035,4.000100016128272,367.7984999958426,870.1036269430052
1788515729,5,WS,/api/v1/guide/ws/crowd,1.400000,0.000000,10,11,14,14,14,14,14,14,14,14,14,17,0,9,10.14612942098585,7.94429995585233,14.361600042320788,1783.6470588235295
1788515729,5,GET,GET /api/v1/experiences,0.500000,0.000000,7,7,8,8,8,8,8,8,8,8,8,17,0,7,14.034670585876002,5.9213999775238335,47.1916000242345,1147.0
1788515729,5,GET,GET /api/v1/experiences/[id]/sessions,0.000000,0.000000,38,38,60,60,60,60,60,60,60,60,60,5,0,34,35.52647997858003,16.285999969113618,60.104999982286245,761.0
1788515729,5,GET,GET /api/v1/reservations,2.200000,0.000000,17,18,18,20,140,170,170,170,170,170,170,30,0,17,26.31223331942844,13.963099976535887,168.0894999881275,621.0
1788515729,5,GET,GET /api/v1/shop/orders,1.900000,0.000000,18,19,19,20,21,21,21,21,21,21,21,26,0,18,25.53262691631412,13.644599996041507,185.95119996462017,737.0
1788515729,5,GET,GET /api/v1/shop/products,0.700000,0.000000,13,14,14,14,20,20,20,20,20,20,20,17,0,14,23.36785293471835,11.860699974931777,76.2010999605991,1623.0
1788515729,5,GET,GET /api/v1/ticketing/orders,1.700000,0.000000,21,22,23,23,23,28,28,28,28,28,28,26,0,21,22.50265383806366,17.11249997606501,62.502299959305674,515.0
1788515729,5,GET,GET /api/v1/ticketing/slots,0.000000,0.000000,50,50,50,73,73,73,73,73,73,73,73,5,0,50,48.049239988904446,22.54709997214377,72.85940001020208,949.0
1788515729,5,GET,GET /api/v1/ticketing/types,0.600000,0.000000,5,5,5,5,6,6,6,6,6,6,6,18,0,5,12.658905561289025,4.000100016128272,96.59670002292842,751.0
1788515729,5,POST,POST /api/v1/auth/login,0.000000,0.000000,350,360,360,370,370,370,370,370,370,370,370,5,0,350,276.91845998633653,81.79889997700229,367.7984999958426,1051.0
1788515729,5,POST,POST /api/v1/reservations,0.000000,0.000000,120,120,140,140,140,140,140,140,140,140,140,5,0,110,107.60805996833369,53.61179995816201,136.93639996927232,570.0
1788515729,5,POST,POST /api/v1/reservations/[id]/confirm,0.000000,0.000000,88,88,90,90,90,90,90,90,90,90,90,5,0,84,73.8551199901849,29.9832999589853,90.46849998412654,575.0
1788515729,5,POST,POST /api/v1/shop/cart/checkout,0.000000,0.000000,160,160,170,170,170,170,170,170,170,170,170,5,0,130,129.92868000874296,48.111400043126196,172.85039997659624,676.0
1788515729,5,POST,POST /api/v1/shop/cart/items,0.000000,0.000000,120,120,140,140,140,140,140,140,140,140,140,5,0,120,101.99420000426471,38.2687000092119,139.5259000128135,442.0
1788515729,5,POST,POST /api/v1/shop/orders/[id]/pay,0.000000,0.000000,91,91,110,110,110,110,110,110,110,110,110,5,0,69,68.82605999708176,33.45579997403547,107.7876000199467,691.0
1788515729,5,POST,POST /api/v1/ticketing/orders,0.000000,0.000000,360,360,360,360,360,360,360,360,360,360,360,5,0,210,210.0502800079994,51.60549998981878,361.1217000288889,376.0
1788515729,5,POST,POST /api/v1/ticketing/orders/[id]/pay,0.000000,0.000000,120,120,120,120,120,120,120,120,120,120,120,5,0,67,75.11173998937011,41.891500004567206,119.51119999866933,469.0
1788515729,5,,Aggregated,9.000000,0.000000,16,18,20,21,22,23,140,170,170,170,170,201,0,19,43.35230496968027,4.000100016128272,367.7984999958426,870.2089552238806
1788515730,5,WS,/api/v1/guide/ws/crowd,1.300000,0.000000,11,11,14,14,14,14,14,14,14,14,14,17,0,9,10.14612942098585,7.94429995585233,14.361600042320788,1783.6470588235295
1788515730,5,GET,GET /api/v1/experiences,0.500000,0.000000,7,7,8,8,8,8,8,8,8,8,8,18,0,7,13.642572218992022,5.9213999775238335,47.1916000242345,1147.0
1788515730,5,GET,GET /api/v1/experiences/[id]/sessions,0.000000,0.000000,38,38,60,60,60,60,60,60,60,60,60,5,0,34,35.52647997858003,16.285999969113618,60.104999982286245,761.0
1788515730,5,GET,GET /api/v1/reservations,2.100000,0.000000,17,18,18,18,21,140,170,170,170,170,170,33,0,17,25.45610604857123,13.963099976535887,168.0894999881275,621.0
1788515730,5,GET,GET /api/v1/shop/orders,1.900000,0.000000,18,19,19,19,20,20,20,20,20,20,20,27,0,18,25.280929623275167,13.644599996041507,185.95119996462017,737.0
1788515730,5,GET,GET /api/v1/shop/products,0.600000,0.000000,13,14,14,14,20,20,20,20,20,20,20,18,0,14,22.867166660338018,11.860699974931777,76.2010999605991,1623.0
1788515730,5,GET,GET /api/v1/ticketing/orders,1.900000,0.000000,21,22,22,23,23,28,28,28,28,28,28,29,0,21,22.158075854631846,17.11249997606501,62.502299959305674,515.0
1788515730,5,GET,GET /api/v1/ticketing/slots,0.000000,0.000000,50,50,50,73,73,73,73,73,73,73,73,5,0,50,48.049239988904446,22.54709997214377,72.85940001020208,949.0
1788515730,5,GET,GET /api/v1/ticketing/types,0.700000,0.000000,5,5,5,5,6,6,6,6,6,6,6,19,0,5,12.206089480682031,4.000100016128272,96.59670002292842,751.0
1788515730,5,POST,POST /api/v1/auth/login,0.000000,0.000000,350,360,360,370,370,370,370,370,370,370,370,5,0,350,276.91845998633653,81.79889997700229,367.7984999958426,1051.0
1788515730,5,POST,POST /api/v1/reservations,0.000000,0.000000,120,120,140,140,140,140,140,140,140,140,140,5,0,110,107.60805996833369,53.61179995816201,136.93639996927232,570.0
1788515730,5,POST,POST /api/v1/reservations/[id]/confirm,0.000000,0.000000,88,88,90,90,90,90,90,90,90,90,90,5,0,84,73.8551199901849,29.9832999589853,90.46849998412654,575.0
1788515730,5,POST,POST /api/v1/shop/cart/checkout,0.000000,0.000000,160,160,170,170,170,170,170,170,170,170,170,5,0,130,129.92868000874296,48.111400043126196,172.85039997659624,676.0
1788515730,5,POST,POST /api/v1/shop/cart/items,0.000000,0.000000,120,120,140,140,140,140,140,140,140,140,140,5,0,120,101.99420000426471,38.2687000092119,139.5259000128135,442.0
1788515730,5,POST,POST /api/v1/shop/orders/[id]/pay,0.000000,0.000000,91,91,110,110,110,110,110,110,110,110,110,5,0,69,68.82605999708176,33.45579997403547,107.7876000199467,691.0
1788515730,5,POST,POST /api/v1/ticketing/orders,0.000000,0.000000,360,360,360,360,360,360,360,360,360,360,360,5,0,210,210.0502800079994,51.60549998981878,361.1217000288889,376.0
1788515730,5,POST,POST /api/v1/ticketing/orders/[id]/pay,0.000000,0.000000,120,120,120,120,120,120,120,120,120,120,120,5,0,67,75.11173998937011,41.891500004567206,119.51119999866933,469.0
1788515730,5,,Aggregated,9.000000,0.000000,16,18,19,20,22,23,140,170,170,170,170,211,0,18,42.01960947361258,4.000100016128272,367.7984999958426,865.2985781990521
1788515731,5,WS,/api/v1/guide/ws/crowd,1.200000,0.000000,10,11,11,14,14,14,14,14,14,14,14,20,0,9,10.030895005911589,7.94429995585233,14.361600042320788,1783.7
1788515731,5,GET,GET /api/v1/experiences,0.600000,0.000000,7,7,8,8,8,8,8,8,8,8,8,18,0,7,13.642572218992022,5.9213999775238335,47.1916000242345,1147.0
1788515731,5,GET,GET /api/v1/experiences/[id]/sessions,0.000000,0.000000,38,38,60,60,60,60,60,60,60,60,60,5,0,34,35.52647997858003,16.285999969113618,60.104999982286245,761.0
1788515731,5,GET,GET /api/v1/reservations,2.300000,0.000000,17,18,18,18,21,140,170,170,170,170,170,35,0,17,24.852611417216913,13.963099976535887,168.0894999881275,621.0
1788515731,5,GET,GET /api/v1/shop/orders,1.900000,0.000000,18,19,19,19,19,20,20,20,20,20,20,29,0,18,24.7240689611223,13.644599996041507,185.95119996462017,737.0
1788515731,5,GET,GET /api/v1/shop/products,0.600000,0.000000,13,14,14,14,20,20,20,20,20,20,20,18,0,14,22.867166660338018,11.860699974931777,76.2010999605991,1623.0
1788515731,5,GET,GET /api/v1/ticketing/orders,1.800000,0.000000,21,22,22,23,23,28,28,28,28,28,28,31,0,21,21.958625798429093,17.11249997606501,62.502299959305674,515.0
1788515731,5,GET,GET /api/v1/ticketing/slots,0.000000,0.000000,50,50,50,73,73,73,73,73,73,73,73,5,0,50,48.049239988904446,22.54709997214377,72.85940001020208,949.0
1788515731,5,GET,GET /api/v1/ticketing/types,0.700000,0.000000,5,5,5,5,5,5,5,5,5,5,5,19,0,5,12.206089480682031,4.000100016128272,96.59670002292842,751.0
1788515731,5,POST,POST /api/v1/auth/login,0.000000,0.000000,350,360,360,370,370,370,370,370,370,370,370,5,0,350,276.91845998633653,81.79889997700229,367.7984999958426,1051.0
1788515731,5,POST,POST /api/v1/reservations,0.000000,0.000000,120,120,140,140,140,140,140,140,140,140,140,5,0,110,107.60805996833369,53.61179995816201,136.93639996927232,570.0
1788515731,5,POST,POST /api/v1/reservations/[id]/confirm,0.000000,0.000000,88,88,90,90,90,90,90,90,90,90,90,5,0,84,73.8551199901849,29.9832999589853,90.46849998412654,575.0
1788515731,5,POST,POST /api/v1/shop/cart/checkout,0.000000,0.000000,160,160,170,170,170,170,170,170,170,170,170,5,0,130,129.92868000874296,48.111400043126196,172.85039997659624,676.0
1788515731,5,POST,POST /api/v1/shop/cart/items,0.000000,0.000000,120,120,140,140,140,140,140,140,140,140,140,5,0,120,101.99420000426471,38.2687000092119,139.5259000128135,442.0
1788515731,5,POST,POST /api/v1/shop/orders/[id]/pay,0.000000,0.000000,91,91,110,110,110,110,110,110,110,110,110,5,0,69,68.82605999708176,33.45579997403547,107.7876000199467,691.0
1788515731,5,POST,POST /api/v1/ticketing/orders,0.000000,0.000000,360,360,360,360,360,360,360,360,360,360,360,5,0,210,210.0502800079994,51.60549998981878,361.1217000288889,376.0
1788515731,5,POST,POST /api/v1/ticketing/orders/[id]/pay,0.000000,0.000000,120,120,120,120,120,120,120,120,120,120,120,5,0,67,75.11173998937011,41.891500004567206,119.51119999866933,469.0
1788515731,5,,Aggregated,9.100000,0.000000,16,18,19,20,21,23,140,170,170,170,170,220,0,18,40.893669540475294,4.000100016128272,367.7984999958426,871.2545454545455
1788515732,5,WS,/api/v1/guide/ws/crowd,1.200000,0.000000,10,11,11,14,14,14,14,14,14,14,14,21,0,9,10.007723813898684,7.94429995585233,14.361600042320788,1783.7142857142858
1788515732,5,GET,GET /api/v1/experiences,0.700000,0.000000,7,7,8,8,8,8,8,8,8,8,8,21,0,7,12.613442856707566,5.689200013875961,47.1916000242345,1147.0
1788515732,5,GET,GET /api/v1/experiences/[id]/sessions,0.000000,0.000000,0,0,0,0,0,0,0,0,0,0,0,5,0,34,35.52647997858003,16.285999969113618,60.104999982286245,761.0
1788515732,5,GET,GET /api/v1/reservations,2.000000,0.000000,17,17,18,18,20,21,21,21,21,21,21,37,0,16,24.379762150724797,13.963099976535887,168.0894999881275,621.0
1788515732,5,GET,GET /api/v1/shop/orders,2.000000,0.000000,18,19,19,19,19,20,20,20,20,20,20,30,0,18,24.43526666223382,13.644599996041507,185.95119996462017,737.0
1788515732,5,GET,GET /api/v1/shop/products,0.600000,0.000000,13,14,14,14,14,14,14,14,14,14,14,20,0,14,21.895494995987974,11.860699974931777,76.2010999605991,1623.0
1788515732,5,GET,GET /api/v1/ticketing/orders,2.000000,0.000000,20,21,22,22,23,23,28,28,28,28,28,33,0,21,21.774769690113537,16.345500014722347,62.502299959305674,515.0
1788515732,5,GET,GET /api/v1/ticketing/slots,0.000000,0.000000,0,0,0,0,0,0,0,0,0,0,0,5,0,50,48.049239988904446,22.54709997214377,72.85940001020208,949.0
1788515732,5,GET,GET /api/v1/ticketing/types,0.800000,0.000000,5,5,6,6,6,6,6,6,6,6,6,21,0,5,11.626052387457873,4.000100016128272,96.59670002292842,751.0
1788515732,5,POST,POST /api/v1/auth/login,0.000000,0.000000,0,0,0,0,0,0,0,0,0,0,0,5,0,350,276.91845998633653,81.79889997700229,367.7984999958426,1051.0
1788515732,5,POST,POST /api/v1/reservations,0.000000,0.000000,0,0,0,0,0,0,0,0,0,0,0,5,0,110,107.60805996833369,53.61179995816201,136.93639996927232,570.0
1788515732,5,POST,POST /api/v1/reservations/[id]/confirm,0.000000,0.000000,0,0,0,0,0,0,0,0,0,0,0,5,0,84,73.8551199901849,29.9832999589853,90.46849998412654,575.0
1788515732,5,POST,POST /api/v1/shop/cart/checkout,0.000000,0.000000,0,0,0,0,0,0,0,0,0,0,0,5,0,130,129.92868000874296,48.111400043126196,172.85039997659624,676.0
1788515732,5,POST,POST /api/v1/shop/cart/items,0.000000,0.000000,0,0,0,0,0,0,0,0,0,0,0,5,0,120,101.99420000426471,38.2687000092119,139.5259000128135,442.0
1788515732,5,POST,POST /api/v1/shop/orders/[id]/pay,0.000000,0.000000,0,0,0,0,0,0,0,0,0,0,0,5,0,69,68.82605999708176,33.45579997403547,107.7876000199467,691.0
1788515732,5,POST,POST /api/v1/ticketing/orders,0.000000,0.000000,0,0,0,0,0,0,0,0,0,0,0,5,0,210,210.0502800079994,51.60549998981878,361.1217000288889,376.0
1788515732,5,POST,POST /api/v1/ticketing/orders/[id]/pay,0.000000,0.000000,0,0,0,0,0,0,0,0,0,0,0,5,0,67,75.11173998937011,41.891500004567206,119.51119999866933,469.0
1788515732,5,,Aggregated,9.300000,0.000000,16,18,19,19,21,22,23,28,28,28,28,233,0,18,39.27089999551793,4.000100016128272,367.7984999958426,878.3605150214593
1788515733,5,WS,/api/v1/guide/ws/crowd,1.200000,0.000000,10,11,11,14,14,14,14,14,14,14,14,21,0,9,10.007723813898684,7.94429995585233,14.361600042320788,1783.7142857142858
1788515733,5,GET,GET /api/v1/experiences,0.700000,0.000000,7,7,8,8,8,8,8,8,8,8,8,21,0,7,12.613442856707566,5.689200013875961,47.1916000242345,1147.0
1788515733,5,GET,GET /api/v1/experiences/[id]/sessions,0.000000,0.000000,0,0,0,0,0,0,0,0,0,0,0,5,0,34,35.52647997858003,16.285999969113618,60.104999982286245,761.0
1788515733,5,GET,GET /api/v1/reservations,2.000000,0.000000,17,18,18,18,20,20,21,21,21,21,21,40,0,17,23.910419989260845,13.963099976535887,168.0894999881275,621.0
1788515733,5,GET,GET /api/v1/shop/orders,1.900000,0.000000,18,19,19,19,20,27,27,27,27,27,27,32,0,18,24.27867811820761,13.644599996041507,185.95119996462017,737.0
1788515733,5,GET,GET /api/v1/shop/products,0.700000,0.000000,13,14,14,14,15,15,15,15,15,15,15,21,0,14,21.562871423416905,11.860699974931777,76.2010999605991,1623.0
1788515733,5,GET,GET /api/v1/ticketing/orders,2.000000,0.000000,20,21,22,22,23,23,23,23,23,23,23,35,0,20,21.622614279788518,16.345500014722347,62.502299959305674,515.0
1788515733,5,GET,GET /api/v1/ticketing/slots,0.000000,0.000000,0,0,0,0,0,0,0,0,0,0,0,5,0,50,48.049239988904446,22.54709997214377,72.85940001020208,949.0
1788515733,5,GET,GET /api/v1/ticketing/types,0.800000,0.000000,5,5,6,6,6,6,6,6,6,6,6,22,0,5,11.30095909783532,4.000100016128272,96.59670002292842,751.0
1788515733,5,POST,POST /api/v1/auth/login,0.000000,0.000000,0,0,0,0,0,0,0,0,0,0,0,5,0,350,276.91845998633653,81.79889997700229,367.7984999958426,1051.0
1788515733,5,POST,POST /api/v1/reservations,0.000000,0.000000,0,0,0,0,0,0,0,0,0,0,0,5,0,110,107.60805996833369,53.61179995816201,136.93639996927232,570.0
1788515733,5,POST,POST /api/v1/reservations/[id]/confirm,0.000000,0.000000,0,0,0,0,0,0,0,0,0,0,0,5,0,84,73.8551199901849,29.9832999589853,90.46849998412654,575.0
1788515733,5,POST,POST /api/v1/shop/cart/checkout,0.000000,0.000000,0,0,0,0,0,0,0,0,0,0,0,5,0,130,129.92868000874296,48.111400043126196,172.85039997659624,676.0
1788515733,5,POST,POST /api/v1/shop/cart/items,0.000000,0.000000,0,0,0,0,0,0,0,0,0,0,0,5,0,120,101.99420000426471,38.2687000092119,139.5259000128135,442.0
1788515733,5,POST,POST /api/v1/shop/orders/[id]/pay,0.000000,0.000000,0,0,0,0,0,0,0,0,0,0,0,5,0,69,68.82605999708176,33.45579997403547,107.7876000199467,691.0
1788515733,5,POST,POST /api/v1/ticketing/orders,0.000000,0.000000,0,0,0,0,0,0,0,0,0,0,0,5,0,210,210.0502800079994,51.60549998981878,361.1217000288889,376.0
1788515733,5,POST,POST /api/v1/ticketing/orders/[id]/pay,0.000000,0.000000,0,0,0,0,0,0,0,0,0,0,0,5,0,67,75.11173998937011,41.891500004567206,119.51119999866933,469.0
1788515733,5,,Aggregated,9.300000,0.000000,16,18,19,19,20,22,23,27,27,27,27,242,0,18,38.45435330112203,4.000100016128272,367.7984999958426,873.5495867768595
1788515734,5,WS,/api/v1/guide/ws/crowd,1.300000,0.000000,11,11,14,14,14,14,14,14,14,14,14,21,0,9,10.007723813898684,7.94429995585233,14.361600042320788,1783.7142857142858
1788515734,5,GET,GET /api/v1/experiences,0.900000,0.000000,7,7,8,8,8,8,8,8,8,8,8,23,0,7,12.169047828217078,5.689200013875961,47.1916000242345,1147.0
1788515734,5,GET,GET /api/v1/experiences/[id]/sessions,0.000000,0.000000,0,0,0,0,0,0,0,0,0,0,0,5,0,34,35.52647997858003,16.285999969113618,60.104999982286245,761.0
1788515734,5,GET,GET /api/v1/reservations,2.200000,0.000000,17,17,18,18,18,20,20,20,20,20,20,41,0,17,23.708453648950815,13.963099976535887,168.0894999881275,621.0
1788515734,5,GET,GET /api/v1/shop/orders,1.600000,0.000000,18,19,19,19,20,27,27,27,27,27,27,34,0,18,23.860885289168973,13.644599996041507,185.95119996462017,737.0
1788515734,5,GET,GET /api/v1/shop/products,0.700000,0.000000,14,14,14,14,15,15,15,15,15,15,15,21,0,14,21.562871423416905,11.860699974931777,76.2010999605991,1623.0
1788515734,5,GET,GET /api/v1/ticketing/orders,2.100000,0.000000,20,21,22,22,23,23,23,23,23,23,23,36,0,20,21.455627772310336,15.611100010573864,62.502299959305674,515.0
1788515734,5,GET,GET /api/v1/ticketing/slots,0.000000,0.000000,0,0,0,0,0,0,0,0,0,0,0,5,0,50,48.049239988904446,22.54709997214377,72.85940001020208,949.0
1788515734,5,GET,GET /api/v1/ticketing/types,0.700000,0.000000,5,5,6,6,6,6,6,6,6,6,6,24,0,5,10.776887504713764,3.958099987357855,96.59670002292842,751.0
1788515734,5,POST,POST /api/v1/auth/login,0.000000,0.000000,0,0,0,0,0,0,0,0,0,0,0,5,0,350,276.91845998633653,81.79889997700229,367.7984999958426,1051.0
1788515734,5,POST,POST /api/v1/reservations,0.000000,0.000000,0,0,0,0,0,0,0,0,0,0,0,5,0,110,107.60805996833369,53.61179995816201,136.93639996927232,570.0
1788515734,5,POST,POST /api/v1/reservations/[id]/confirm,0.000000,0.000000,0,0,0,0,0,0,0,0,0,0,0,5,0,84,73.8551199901849,29.9832999589853,90.46849998412654,575.0
1788515734,5,POST,POST /api/v1/shop/cart/checkout,0.000000,0.000000,0,0,0,0,0,0,0,0,0,0,0,5,0,130,129.92868000874296,48.111400043126196,172.85039997659624,676.0
1788515734,5,POST,POST /api/v1/shop/cart/items,0.000000,0.000000,0,0,0,0,0,0,0,0,0,0,0,5,0,120,101.99420000426471,38.2687000092119,139.5259000128135,442.0
1788515734,5,POST,POST /api/v1/shop/orders/[id]/pay,0.000000,0.000000,0,0,0,0,0,0,0,0,0,0,0,5,0,69,68.82605999708176,33.45579997403547,107.7876000199467,691.0
1788515734,5,POST,POST /api/v1/ticketing/orders,0.000000,0.000000,0,0,0,0,0,0,0,0,0,0,0,5,0,210,210.0502800079994,51.60549998981878,361.1217000288889,376.0
1788515734,5,POST,POST /api/v1/ticketing/orders/[id]/pay,0.000000,0.000000,0,0,0,0,0,0,0,0,0,0,0,5,0,67,75.11173998937011,41.891500004567206,119.51119999866933,469.0
1788515734,5,,Aggregated,9.500000,0.000000,16,18,19,19,20,22,23,27,27,27,27,250,0,18,37.586307195946574,3.958099987357855,367.7984999958426,871.22
1788515735,5,WS,/api/v1/guide/ws/crowd,1.300000,0.000000,10,11,11,11,14,14,14,14,14,14,14,23,0,10,10.014095657464603,7.94429995585233,14.361600042320788,1783.7391304347825
1788515735,5,GET,GET /api/v1/experiences,0.800000,0.000000,7,7,8,8,8,8,8,8,8,8,8,23,0,7,12.169047828217078,5.689200013875961,47.1916000242345,1147.0
1788515735,5,GET,GET /api/v1/experiences/[id]/sessions,0.000000,0.000000,0,0,0,0,0,0,0,0,0,0,0,5,0,34,35.52647997858003,16.285999969113618,60.104999982286245,761.0
1788515735,5,GET,GET /api/v1/reservations,2.000000,0.000000,17,17,18,18,18,20,20,20,20,20,20,43,0,17,23.371130223981602,13.963099976535887,168.0894999881275,621.0
1788515735,5,GET,GET /api/v1/shop/orders,1.600000,0.000000,17,19,19,19,19,27,27,27,27,27,27,35,0,18,23.62932856693598,13.644599996041507,185.95119996462017,737.0
1788515735,5,GET,GET /api/v1/shop/products,0.800000,0.000000,14,14,14,15,20,20,20,20,20,20,20,23,0,14,21.155017387607824,11.860699974931777,76.2010999605991,1623.0
1788515735,5,GET,GET /api/v1/ticketing/orders,2.300000,0.000000,20,21,22,22,23,23,23,23,23,23,23,37,0,20,21.44434053538921,15.611100010573864,62.502299959305674,515.0
1788515735,5,GET,GET /api/v1/ticketing/slots,0.000000,0.000000,0,0,0,0,0,0,0,0,0,0,0,5,0,50,48.049239988904446,22.54709997214377,72.85940001020208,949.0
1788515735,5,GET,GET /api/v1/ticketing/types,0.700000,0.000000,5,6,6,6,7,7,7,7,7,7,7,25,0,5,10.618344005197287,3.958099987357855,96.59670002292842,751.0
1788515735,5,POST,POST /api/v1/auth/login,0.000000,0.000000,0,0,0,0,0,0,0,0,0,0,0,5,0,350,276.91845998633653,81.79889997700229,367.7984999958426,1051.0
1788515735,5,POST,POST /api/v1/reservations,0.000000,0.000000,0,0,0,0,0,0,0,0,0,0,0,5,0,110,107.60805996833369,53.61179995816201,136.93639996927232,570.0
1788515735,5,POST,POST /api/v1/reservations/[id]/confirm,0.000000,0.000000,0,0,0,0,0,0,0,0,0,0,0,5,0,84,73.8551199901849,29.9832999589853,90.46849998412654,575.0
1788515735,5,POST,POST /api/v1/shop/cart/checkout,0.000000,0.000000,0,0,0,0,0,0,0,0,0,0,0,5,0,130,129.92868000874296,48.111400043126196,172.85039997659624,676.0
1788515735,5,POST,POST /api/v1/shop/cart/items,0.000000,0.000000,0,0,0,0,0,0,0,0,0,0,0,5,0,120,101.99420000426471,38.2687000092119,139.5259000128135,442.0
1788515735,5,POST,POST /api/v1/shop/orders/[id]/pay,0.000000,0.000000,0,0,0,0,0,0,0,0,0,0,0,5,0,69,68.82605999708176,33.45579997403547,107.7876000199467,691.0
1788515735,5,POST,POST /api/v1/ticketing/orders,0.000000,0.000000,0,0,0,0,0,0,0,0,0,0,0,5,0,210,210.0502800079994,51.60549998981878,361.1217000288889,376.0
1788515735,5,POST,POST /api/v1/ticketing/orders/[id]/pay,0.000000,0.000000,0,0,0,0,0,0,0,0,0,0,0,5,0,67,75.11173998937011,41.891500004567206,119.51119999866933,469.0
1788515735,5,,Aggregated,9.500000,0.000000,16,18,19,19,20,22,23,27,27,27,27,259,0,18,36.783797679914876,3.958099987357855,367.7984999958426,879.7837837837837
1788515736,5,WS,/api/v1/guide/ws/crowd,1.300000,0.000000,10,11,11,13,14,14,14,14,14,14,14,24,0,10,10.118158337718341,7.94429995585233,14.361600042320788,1783.75
1788515736,5,GET,GET /api/v1/experiences,0.800000,0.000000,8,8,8,8,11,11,11,11,11,11,11,25,0,7,11.944404002279043,5.689200013875961,47.1916000242345,1147.0
1788515736,5,GET,GET /api/v1/experiences/[id]/sessions,0.000000,0.000000,0,0,0,0,0,0,0,0,0,0,0,5,0,34,35.52647997858003,16.285999969113618,60.104999982286245,761.0
1788515736,5,GET,GET /api/v1/reservations,2.000000,0.000000,17,17,18,18,20,21,22,22,22,22,22,46,0,17,23.09181738224731,13.67680000839755,168.0894999881275,621.0
1788515736,5,GET,GET /api/v1/shop/orders,1.700000,0.000000,18,19,19,19,19,27,27,27,27,27,27,35,0,18,23.62932856693598,13.644599996041507,185.95119996462017,737.0
1788515736,5,GET,GET /api/v1/shop/products,0.800000,0.000000,14,14,14,15,20,20,20,20,20,20,20,23,0,14,21.155017387607824,11.860699974931777,76.2010999605991,1623.0
1788515736,5,GET,GET /api/v1/ticketing/orders,2.100000,0.000000,20,21,22,22,23,25,25,25,25,25,25,41,0,20,21.386999994652665,15.611100010573864,62.502299959305674,515.0
1788515736,5,GET,GET /api/v1/ticketing/slots,0.000000,0.000000,0,0,0,0,0,0,0,0,0,0,0,5,0,50,48.049239988904446,22.54709997214377,72.85940001020208,949.0
1788515736,5,GET,GET /api/v1/ticketing/types,0.900000,0.000000,5,6,6,6,7,7,7,7,7,7,7,25,0,5,10.618344005197287,3.958099987357855,96.59670002292842,751.0
1788515736,5,POST,POST /api/v1/auth/login,0.000000,0.000000,0,0,0,0,0,0,0,0,0,0,0,5,0,350,276.91845998633653,81.79889997700229,367.7984999958426,1051.0
1788515736,5,POST,POST /api/v1/reservations,0.000000,0.000000,0,0,0,0,0,0,0,0,0,0,0,5,0,110,107.60805996833369,53.61179995816201,136.93639996927232,570.0
1788515736,5,POST,POST /api/v1/reservations/[id]/confirm,0.000000,0.000000,0,0,0,0,0,0,0,0,0,0,0,5,0,84,73.8551199901849,29.9832999589853,90.46849998412654,575.0
1788515736,5,POST,POST /api/v1/shop/cart/checkout,0.000000,0.000000,0,0,0,0,0,0,0,0,0,0,0,5,0,130,129.92868000874296,48.111400043126196,172.85039997659624,676.0
1788515736,5,POST,POST /api/v1/shop/cart/items,0.000000,0.000000,0,0,0,0,0,0,0,0,0,0,0,5,0,120,101.99420000426471,38.2687000092119,139.5259000128135,442.0
1788515736,5,POST,POST /api/v1/shop/orders/[id]/pay,0.000000,0.000000,0,0,0,0,0,0,0,0,0,0,0,5,0,69,68.82605999708176,33.45579997403547,107.7876000199467,691.0
1788515736,5,POST,POST /api/v1/ticketing/orders,0.000000,0.000000,0,0,0,0,0,0,0,0,0,0,0,5,0,210,210.0502800079994,51.60549998981878,361.1217000288889,376.0
1788515736,5,POST,POST /api/v1/ticketing/orders/[id]/pay,0.000000,0.000000,0,0,0,0,0,0,0,0,0,0,0,5,0,67,75.11173998937011,41.891500004567206,119.51119999866933,469.0
1788515736,5,,Aggregated,9.600000,0.000000,16,18,19,19,21,22,25,27,27,27,27,269,0,18,36.055496650606,3.958099987357855,367.7984999958426,876.8215613382899
1788515737,5,WS,/api/v1/guide/ws/crowd,1.000000,0.000000,10,10,11,11,13,13,13,13,13,13,13,25,0,10,10.077908004168421,7.94429995585233,14.361600042320788,1783.76
1788515737,5,GET,GET /api/v1/experiences,0.900000,0.000000,8,8,8,8,11,11,11,11,11,11,11,25,0,7,11.944404002279043,5.689200013875961,47.1916000242345,1147.0
1788515737,5,GET,GET /api/v1/experiences/[id]/sessions,0.000000,0.000000,0,0,0,0,0,0,0,0,0,0,0,5,0,34,35.52647997858003,16.285999969113618,60.104999982286245,761.0
1788515737,5,GET,GET /api/v1/reservations,2.200000,0.000000,17,17,18,18,20,21,22,22,22,22,22,48,0,17,22.873047906614374,13.67680000839755,168.0894999881275,621.0
1788515737,5,GET,GET /api/v1/shop/orders,1.600000,0.000000,17,19,19,19,19,27,27,27,27,27,27,38,0,17,22.953010522637907,13.644599996041507,185.95119996462017,737.0
1788515737,5,GET,GET /api/v1/shop/products,1.000000,0.000000,14,15,16,20,21,21,21,21,21,21,21,25,0,14,20.916843998711556,11.860699974931777,76.2010999605991,1623.0
1788515737,5,GET,GET /api/v1/ticketing/orders,2.000000,0.000000,20,20,22,22,23,25,25,25,25,25,25,42,0,20,21.418473805256543,15.611100010573864,62.502299959305674,515.0
1788515737,5,GET,GET /api/v1/ticketing/slots,0.000000,0.000000,0,0,0,0,0,0,0,0,0,0,0,5,0,50,48.049239988904446,22.54709997214377,72.85940001020208,949.0
1788515737,5,GET,GET /api/v1/ticketing/types,0.900000,0.000000,6,6,6,6,7,7,7,7,7,7,7,25,0,5,10.618344005197287,3.958099987357855,96.59670002292842,751.0
1788515737,5,POST,POST /api/v1/auth/login,0.000000,0.000000,0,0,0,0,0,0,0,0,0,0,0,5,0,350,276.91845998633653,81.79889997700229,367.7984999958426,1051.0
1788515737,5,POST,POST /api/v1/reservations,0.000000,0.000000,0,0,0,0,0,0,0,0,0,0,0,5,0,110,107.60805996833369,53.61179995816201,136.93639996927232,570.0
1788515737,5,POST,POST /api/v1/reservations/[id]/confirm,0.000000,0.000000,0,0,0,0,0,0,0,0,0,0,0,5,0,84,73.8551199901849,29.9832999589853,90.46849998412654,575.0
1788515737,5,POST,POST /api/v1/shop/cart/checkout,0.000000,0.000000,0,0,0,0,0,0,0,0,0,0,0,5,0,130,129.92868000874296,48.111400043126196,172.85039997659624,676.0
1788515737,5,POST,POST /api/v1/shop/cart/items,0.000000,0.000000,0,0,0,0,0,0,0,0,0,0,0,5,0,120,101.99420000426471,38.2687000092119,139.5259000128135,442.0
1788515737,5,POST,POST /api/v1/shop/orders/[id]/pay,0.000000,0.000000,0,0,0,0,0,0,0,0,0,0,0,5,0,69,68.82605999708176,33.45579997403547,107.7876000199467,691.0
1788515737,5,POST,POST /api/v1/ticketing/orders,0.000000,0.000000,0,0,0,0,0,0,0,0,0,0,0,5,0,210,210.0502800079994,51.60549998981878,361.1217000288889,376.0
1788515737,5,POST,POST /api/v1/ticketing/orders/[id]/pay,0.000000,0.000000,0,0,0,0,0,0,0,0,0,0,0,5,0,67,75.11173998937011,41.891500004567206,119.51119999866933,469.0
1788515737,5,,Aggregated,9.600000,0.000000,16,17,18,19,21,22,25,27,27,27,27,278,0,17,35.42437301818851,3.958099987357855,367.7984999958426,880.8021582733813
1788515738,5,WS,/api/v1/guide/ws/crowd,0.900000,0.000000,10,10,11,11,11,13,13,13,13,13,13,27,0,10,10.063744449763801,7.94429995585233,14.361600042320788,1783.7777777777778
1788515738,5,GET,GET /api/v1/experiences,1.000000,0.000000,7,7,8,8,11,11,11,11,11,11,11,26,0,7,11.74834230914712,5.689200013875961,47.1916000242345,1147.0
1788515738,5,GET,GET /api/v1/experiences/[id]/sessions,0.000000,0.000000,0,0,0,0,0,0,0,0,0,0,0,5,0,34,35.52647997858003,16.285999969113618,60.104999982286245,761.0
1788515738,5,GET,GET /api/v1/reservations,2.400000,0.000000,17,18,18,20,21,22,23,23,23,23,23,50,0,17,22.712493990547955,13.67680000839755,168.0894999881275,621.0
1788515738,5,GET,GET /api/v1/shop/orders,1.500000,0.000000,17,18,19,19,24,27,27,27,27,27,27,41,0,18,22.704792678889977,13.644599996041507,185.95119996462017,737.0
1788515738,5,GET,GET /api/v1/shop/products,0.900000,0.000000,14,15,16,20,21,21,21,21,21,21,21,25,0,14,20.916843998711556,11.860699974931777,76.2010999605991,1623.0
1788515738,5,GET,GET /api/v1/ticketing/orders,2.100000,0.000000,19,20,21,22,23,25,25,25,25,25,25,43,0,20,21.32521162275225,15.611100010573864,62.502299959305674,515.0
1788515738,5,GET,GET /api/v1/ticketing/slots,0.000000,0.000000,0,0,0,0,0,0,0,0,0,0,0,5,0,50,48.049239988904446,22.54709997214377,72.85940001020208,949.0
1788515738,5,GET,GET /api/v1/ticketing/types,0.900000,0.000000,6,6,6,6,7,7,7,7,7,7,7,27,0,5,10.23049630155718,3.958099987357855,96.59670002292842,751.0
1788515738,5,POST,POST /api/v1/auth/login,0.000000,0.000000,0,0,0,0,0,0,0,0,0,0,0,5,0,350,276.91845998633653,81.79889997700229,367.7984999958426,1051.0
1788515738,5,POST,POST /api/v1/reservations,0.000000,0.000000,0,0,0,0,0,0,0,0,0,0,0,5,0,110,107.60805996833369,53.61179995816201,136.93639996927232,570.0
1788515738,5,POST,POST /api/v1/reservations/[id]/confirm,0.000000,0.000000,0,0,0,0,0,0,0,0,0,0,0,5,0,84,73.8551199901849,29.9832999589853,90.46849998412654,575.0
1788515738,5,POST,POST /api/v1/shop/cart/checkout,0.000000,0.000000,0,0,0,0,0,0,0,0,0,0,0,5,0,130,129.92868000874296,48.111400043126196,172.85039997659624,676.0
1788515738,5,POST,POST /api/v1/shop/cart/items,0.000000,0.000000,0,0,0,0,0,0,0,0,0,0,0,5,0,120,101.99420000426471,38.2687000092119,139.5259000128135,442.0
1788515738,5,POST,POST /api/v1/shop/orders/[id]/pay,0.000000,0.000000,0,0,0,0,0,0,0,0,0,0,0,5,0,69,68.82605999708176,33.45579997403547,107.7876000199467,691.0
1788515738,5,POST,POST /api/v1/ticketing/orders,0.000000,0.000000,0,0,0,0,0,0,0,0,0,0,0,5,0,210,210.0502800079994,51.60549998981878,361.1217000288889,376.0
1788515738,5,POST,POST /api/v1/ticketing/orders/[id]/pay,0.000000,0.000000,0,0,0,0,0,0,0,0,0,0,0,5,0,67,75.11173998937011,41.891500004567206,119.51119999866933,469.0
1788515738,5,,Aggregated,9.700000,0.000000,16,17,19,19,21,23,25,27,27,27,27,289,0,17,34.59920207276992,3.958099987357855,367.7984999958426,882.5190311418685
1788515739,5,WS,/api/v1/guide/ws/crowd,0.900000,0.000000,10,10,10,10,11,13,13,13,13,13,13,29,0,10,10.074472420142385,7.94429995585233,14.361600042320788,1783.7931034482758
1788515739,5,GET,GET /api/v1/experiences,1.000000,0.000000,7,7,8,8,11,11,11,11,11,11,11,27,0,7,11.55364814999134,5.689200013875961,47.1916000242345,1147.0
1788515739,5,GET,GET /api/v1/experiences/[id]/sessions,0.000000,0.000000,0,0,0,0,0,0,0,0,0,0,0,5,0,34,35.52647997858003,16.285999969113618,60.104999982286245,761.0
1788515739,5,GET,GET /api/v1/reservations,2.400000,0.000000,17,18,20,20,22,23,23,23,23,23,23,52,0,17,22.455561528868902,13.67680000839755,168.0894999881275,621.0
1788515739,5,GET,GET /api/v1/shop/orders,1.400000,0.000000,17,17,19,19,24,27,27,27,27,27,27,42,0,17,22.526447615486436,13.644599996041507,185.95119996462017,737.0
1788515739,5,GET,GET /api/v1/shop/products,1.000000,0.000000,14,15,16,20,21,21,21,21,21,21,21,26,0,14,20.563661537240616,11.734100000467151,76.2010999605991,1623.0
1788515739,5,GET,GET /api/v1/ticketing/orders,1.900000,0.000000,19,20,22,22,23,25,25,25,25,25,25,45,0,20,21.239979994586772,15.611100010573864,62.502299959305674,515.0
1788515739,5,GET,GET /api/v1/ticketing/slots,0.000000,0.000000,0,0,0,0,0,0,0,0,0,0,0,5,0,50,48.049239988904446,22.54709997214377,72.85940001020208,949.0
1788515739,5,GET,GET /api/v1/ticketing/types,0.900000,0.000000,6,6,6,6,7,7,7,7,7,7,7,28,0,5,10.056539291066915,3.958099987357855,96.59670002292842,751.0
1788515739,5,POST,POST /api/v1/auth/login,0.000000,0.000000,0,0,0,0,0,0,0,0,0,0,0,5,0,350,276.91845998633653,81.79889997700229,367.7984999958426,1051.0
1788515739,5,POST,POST /api/v1/reservations,0.000000,0.000000,0,0,0,0,0,0,0,0,0,0,0,5,0,110,107.60805996833369,53.61179995816201,136.93639996927232,570.0
1788515739,5,POST,POST /api/v1/reservations/[id]/confirm,0.000000,0.000000,0,0,0,0,0,0,0,0,0,0,0,5,0,84,73.8551199901849,29.9832999589853,90.46849998412654,575.0
1788515739,5,POST,POST /api/v1/shop/cart/checkout,0.000000,0.000000,0,0,0,0,0,0,0,0,0,0,0,5,0,130,129.92868000874296,48.111400043126196,172.85039997659624,676.0
1788515739,5,POST,POST /api/v1/shop/cart/items,0.000000,0.000000,0,0,0,0,0,0,0,0,0,0,0,5,0,120,101.99420000426471,38.2687000092119,139.5259000128135,442.0
1788515739,5,POST,POST /api/v1/shop/orders/[id]/pay,0.000000,0.000000,0,0,0,0,0,0,0,0,0,0,0,5,0,69,68.82605999708176,33.45579997403547,107.7876000199467,691.0
1788515739,5,POST,POST /api/v1/ticketing/orders,0.000000,0.000000,0,0,0,0,0,0,0,0,0,0,0,5,0,210,210.0502800079994,51.60549998981878,361.1217000288889,376.0
1788515739,5,POST,POST /api/v1/ticketing/orders/[id]/pay,0.000000,0.000000,0,0,0,0,0,0,0,0,0,0,0,5,0,67,75.11173998937011,41.891500004567206,119.51119999866933,469.0
1788515739,5,,Aggregated,9.500000,0.000000,16,17,18,19,21,23,25,27,27,27,27,299,0,17,33.87721471257203,3.958099987357855,367.7984999958426,886.7759197324415
1788515740,5,WS,/api/v1/guide/ws/crowd,0.900000,0.000000,10,10,10,10,11,13,13,13,13,13,13,30,0,10,10.079296672483906,7.94429995585233,14.361600042320788,1783.8
1788515740,5,GET,GET /api/v1/experiences,1.100000,0.000000,7,7,8,8,11,11,11,11,11,11,11,28,0,7,11.355167857670624,5.689200013875961,47.1916000242345,1147.0
1788515740,5,GET,GET /api/v1/experiences/[id]/sessions,0.000000,0.000000,0,0,0,0,0,0,0,0,0,0,0,5,0,34,35.52647997858003,16.285999969113618,60.104999982286245,761.0
1788515740,5,GET,GET /api/v1/reservations,2.300000,0.000000,16,17,20,20,22,23,23,23,23,23,23,53,0,17,22.323092443534648,13.67680000839755,168.0894999881275,621.0
1788515740,5,GET,GET /api/v1/shop/orders,1.500000,0.000000,17,17,19,19,27,29,29,29,29,29,29,46,0,17,22.23533042959626,13.644599996041507,185.95119996462017,737.0
1788515740,5,GET,GET /api/v1/shop/products,1.000000,0.000000,15,16,20,21,27,27,27,27,27,27,27,27,0,14,20.786525925224716,11.734100000467151,76.2010999605991,1623.0
1788515740,5,GET,GET /api/v1/ticketing/orders,1.900000,0.000000,19,20,22,22,23,25,25,25,25,25,25,46,0,20,21.15736303866193,15.611100010573864,62.502299959305674,515.0
1788515740,5,GET,GET /api/v1/ticketing/slots,0.000000,0.000000,0,0,0,0,0,0,0,0,0,0,0,5,0,50,48.049239988904446,22.54709997214377,72.85940001020208,949.0
1788515740,5,GET,GET /api/v1/ticketing/types,0.900000,0.000000,6,6,6,6,7,7,7,7,7,7,7,28,0,5,10.056539291066915,3.958099987357855,96.59670002292842,751.0
1788515740,5,POST,POST /api/v1/auth/login,0.000000,0.000000,0,0,0,0,0,0,0,0,0,0,0,5,0,350,276.91845998633653,81.79889997700229,367.7984999958426,1051.0
1788515740,5,POST,POST /api/v1/reservations,0.000000,0.000000,0,0,0,0,0,0,0,0,0,0,0,5,0,110,107.60805996833369,53.61179995816201,136.93639996927232,570.0
1788515740,5,POST,POST /api/v1/reservations/[id]/confirm,0.000000,0.000000,0,0,0,0,0,0,0,0,0,0,0,5,0,84,73.8551199901849,29.9832999589853,90.46849998412654,575.0
1788515740,5,POST,POST /api/v1/shop/cart/checkout,0.000000,0.000000,0,0,0,0,0,0,0,0,0,0,0,5,0,130,129.92868000874296,48.111400043126196,172.85039997659624,676.0
1788515740,5,POST,POST /api/v1/shop/cart/items,0.000000,0.000000,0,0,0,0,0,0,0,0,0,0,0,5,0,120,101.99420000426471,38.2687000092119,139.5259000128135,442.0
1788515740,5,POST,POST /api/v1/shop/orders/[id]/pay,0.000000,0.000000,0,0,0,0,0,0,0,0,0,0,0,5,0,69,68.82605999708176,33.45579997403547,107.7876000199467,691.0
1788515740,5,POST,POST /api/v1/ticketing/orders,0.000000,0.000000,0,0,0,0,0,0,0,0,0,0,0,5,0,210,210.0502800079994,51.60549998981878,361.1217000288889,376.0
1788515740,5,POST,POST /api/v1/ticketing/orders/[id]/pay,0.000000,0.000000,0,0,0,0,0,0,0,0,0,0,0,5,0,67,75.11173998937011,41.891500004567206,119.51119999866933,469.0
1788515740,5,,Aggregated,9.600000,0.000000,16,17,19,19,22,24,27,29,29,29,29,308,0,17,33.38205291872221,3.958099987357855,367.7984999958426,888.9090909090909
1788515741,5,WS,/api/v1/guide/ws/crowd,1.100000,0.000000,10,10,10,10,11,13,13,13,13,13,13,30,0,10,10.079296672483906,7.94429995585233,14.361600042320788,1783.8
1788515741,5,GET,GET /api/v1/experiences,0.900000,0.000000,7,8,8,8,11,11,11,11,11,11,11,28,0,7,11.355167857670624,5.689200013875961,47.1916000242345,1147.0
1788515741,5,GET,GET /api/v1/experiences/[id]/sessions,0.000000,0.000000,0,0,0,0,0,0,0,0,0,0,0,5,0,34,35.52647997858003,16.285999969113618,60.104999982286245,761.0
1788515741,5,GET,GET /api/v1/reservations,2.200000,0.000000,16,17,18,20,21,22,23,23,23,23,23,60,0,16,21.482876660108257,13.351100031286478,168.0894999881275,621.0
1788515741,5,GET,GET /api/v1/shop/orders,1.700000,0.000000,17,17,18,19,27,29,29,29,29,29,29,48,0,17,21.994924994942266,13.644599996041507,185.95119996462017,737.0
1788515741,5,GET,GET /api/v1/shop/products,1.000000,0.000000,15,16,20,21,27,27,27,27,27,27,27,28,0,14,20.49267142761632,11.734100000467151,76.2010999605991,1623.0
1788515741,5,GET,GET /api/v1/ticketing/orders,1.900000,0.000000,19,20,21,22,23,25,25,25,25,25,25,47,0,20,21.047070207559763,15.611100010573864,62.502299959305674,515.0
1788515741,5,GET,GET /api/v1/ticketing/slots,0.000000,0.000000,0,0,0,0,0,0,0,0,0,0,0,5,0,50,48.049239988904446,22.54709997214377,72.85940001020208,949.0
1788515741,5,GET,GET /api/v1/ticketing/types,0.900000,0.000000,5,6,6,6,7,7,7,7,7,7,7,28,0,5,10.056539291066915,3.958099987357855,96.59670002292842,751.0
1788515741,5,POST,POST /api/v1/auth/login,0.000000,0.000000,0,0,0,0,0,0,0,0,0,0,0,5,0,350,276.91845998633653,81.79889997700229,367.7984999958426,1051.0
1788515741,5,POST,POST /api/v1/reservations,0.000000,0.000000,0,0,0,0,0,0,0,0,0,0,0,5,0,110,107.60805996833369,53.61179995816201,136.93639996927232,570.0
1788515741,5,POST,POST /api/v1/reservations/[id]/confirm,0.000000,0.000000,0,0,0,0,0,0,0,0,0,0,0,5,0,84,73.8551199901849,29.9832999589853,90.46849998412654,575.0
1788515741,5,POST,POST /api/v1/shop/cart/checkout,0.000000,0.000000,0,0,0,0,0,0,0,0,0,0,0,5,0,130,129.92868000874296,48.111400043126196,172.85039997659624,676.0
1788515741,5,POST,POST /api/v1/shop/cart/items,0.000000,0.000000,0,0,0,0,0,0,0,0,0,0,0,5,0,120,101.99420000426471,38.2687000092119,139.5259000128135,442.0
1788515741,5,POST,POST /api/v1/shop/orders/[id]/pay,0.000000,0.000000,0,0,0,0,0,0,0,0,0,0,0,5,0,69,68.82605999708176,33.45579997403547,107.7876000199467,691.0
1788515741,5,POST,POST /api/v1/ticketing/orders,0.000000,0.000000,0,0,0,0,0,0,0,0,0,0,0,5,0,210,210.0502800079994,51.60549998981878,361.1217000288889,376.0
1788515741,5,POST,POST /api/v1/ticketing/orders/[id]/pay,0.000000,0.000000,0,0,0,0,0,0,0,0,0,0,0,5,0,67,75.11173998937011,41.891500004567206,119.51119999866933,469.0
1788515741,5,,Aggregated,9.700000,0.000000,16,17,18,19,21,24,27,29,29,29,29,319,0,17,32.75543698755627,3.958099987357855,367.7984999958426,883.2068965517242
